userId,itemId,rating,timestamp
1609,597,4,974748289
1609,361,3,974748289
1609,105,3,974748289
1609,1835,4,974748370
1609,605,3,974748370
1609,266,3,974748445
1609,237,3,974748445
1609,1541,3,974748445
1609,802,4,974748519
1609,697,3,974748542
1609,48,2,974748603
1609,2497,2,974748662
1609,195,2,974748662
1609,2805,3,974748844
1609,2297,1,974748896
1609,3436,2,974748918
1609,2906,3,974749053
1609,2686,3,974749128
1609,1589,4,974749186
1733,1168,1,974703830
1733,2249,2,974703830
1733,1129,3,974703830
1733,2628,3,974703873
1733,3949,5,974704002
1733,1719,5,974704100
1733,3160,5,974704232
1733,1189,5,974704714
1733,2280,2,974704805
1733,3264,3,974704805
1733,2320,4,974704805
1733,2614,3,974704805
1733,2706,2,974704805
1733,3477,2,974704848
1733,3,2,974704848
1733,1597,2,974704848
1733,3152,4,974704938
1733,785,3,974704938
1733,1921,4,974704987
1733,1554,3,974704987
1733,2657,1,974705035
1733,1298,3,974705035
1733,2361,3,974705035
1733,3300,2,974705035
1733,98,2,974705104
1733,93,2,974705203
1733,2328,2,974705203
1733,3896,4,974705532
1733,3897,5,974705532
1733,2360,5,974705625
1733,3624,3,974705711
1733,3747,3,974705711
1733,3150,5,974705742
1733,3535,4,974705742
1733,3173,3,974705780
1733,3409,2,974705780
1733,3509,2,974705780
1733,3190,1,974705829
1733,3925,4,974705932
1733,551,3,974705984
1733,2455,4,974705984
1733,1965,4,974705984
1733,144,3,974706018
1733,3918,3,974706054
1733,366,3,974706104
1733,3450,2,974706127
1733,1544,2,974706163
1733,2456,3,974706191
1733,1976,3,974706225
1733,1986,3,974706226
1733,611,3,974706258
1733,1464,4,974706690
1733,3930,4,974706877
1733,3919,1,974706912
1733,3895,2,974707007
1733,3328,4,974761494
1733,3556,3,974761494
1733,3578,3,974761494
1733,3298,3,974761540
1733,1732,4,974764363
1733,1894,2,974764418
1733,1834,4,974775116
1733,3159,4,975217405
1733,3793,2,975217405
1733,3751,4,975217405
1733,648,2,975217436
1733,2966,4,977194072
1733,3790,2,977194999
1733,2315,2,977195054
1733,3863,3,977195109
1733,1361,4,977195315
1733,2859,3,977195359
1733,1827,3,977195385
1733,1310,3,977195385
1733,3182,3,977195421
1733,3831,3,977461035
1733,3730,4,977461115
1733,903,4,977461115
1733,800,4,977461147
1733,2583,3,977461182
1733,2184,3,977461182
1733,3386,4,977461183
1733,3265,4,977461408
1733,1148,5,977461423
1733,1945,4,977461457
1733,1276,4,977461472
1733,3683,4,977461472
1733,593,3,977461500
1733,111,3,977461580
1733,1175,4,977461580
1733,1394,4,977461580
1733,1219,4,977461580
1733,50,4,977461634
1733,608,5,977461772
1733,1358,4,977461820
1733,247,4,977461820
1733,2550,4,977461820
1733,2762,3,977461820
1733,908,4,977461820
1733,1617,4,977461820
1733,1953,4,977461845
1733,457,3,977461845
1733,904,4,977461845
1733,1240,3,977461878
1733,2571,3,977461878
1733,2871,4,977461878
1733,1036,4,977461901
1733,2391,4,977461901
1733,1845,4,977461901
1733,319,4,977461918
1733,293,3,977461939
1733,3267,4,977461939
1733,861,3,977461961
1733,2916,4,977461961
1733,2542,4,977461976
1733,6,5,977462001
1733,2278,3,977462001
1733,163,3,977462001
1733,1748,3,977462001
1733,373,3,977462001
1733,3527,4,977462028
1733,2287,4,977462028
1733,3055,3,977462028
1733,454,3,977462055
1733,1841,3,977462055
1733,161,3,977462055
1733,2551,4,977462078
1733,2841,4,977462078
1733,377,3,977462078
1733,1370,3,977462078
1733,482,3,977462099
1733,1892,3,977462127
1733,1407,3,977462127
1733,2118,3,977462127
1733,2527,4,977462127
1733,1909,3,977462127
1733,2232,3,977462151
1733,2707,2,977462151
1733,1653,4,977462151
1733,89,3,977462166
1733,1615,4,977462197
1733,288,4,977462197
1733,1805,3,977462197
1733,2763,3,977462197
1733,1722,3,977462213
1733,627,3,977462229
1733,543,2,977462258
1733,832,2,977462258
1733,1645,2,977462258
1733,76,3,977462258
1733,1565,3,977462258
1733,2699,3,977462277
1733,70,3,977462277
1733,1658,2,977462277
1733,2353,3,977462309
1733,3623,3,977462309
1733,22,2,977462309
1733,1573,3,977462309
1733,2617,3,977462340
1733,2273,2,977462340
1733,748,3,977462340
1733,1876,2,977462340
1733,10,3,977462340
1733,464,3,977462340
1733,2334,3,977462340
1733,426,3,977462372
1733,1620,3,977462372
1733,1518,2,977462372
1733,335,3,977462372
1733,733,3,977462372
1733,1552,3,977462372
1733,2672,3,977462396
1733,376,3,977462396
1733,2713,2,977462396
1733,3082,2,977462427
1733,547,3,977462427
1733,1792,3,977462427
1733,165,3,977462427
1733,521,2,977462427
1733,2722,2,977462455
1733,3697,3,977462455
1733,18,3,977462455
1733,1488,3,977462455
1733,2279,2,977462455
1733,1687,2,977462455
1733,407,3,977462477
1733,1355,3,977462477
1733,1608,3,977462477
1733,2970,5,977559180
1733,2165,4,977559485
1733,3618,3,977641419
1733,3617,3,977641452
1733,3744,3,977641452
1733,3785,3,977641477
1733,3821,3,977641501
1733,3000,4,977805849
1733,2348,4,977805849
1733,714,4,977805908
1733,490,3,977805993
1733,71,2,977806998
1733,804,3,977806998
1733,2792,2,977806998
1733,2399,2,977807027
1733,1136,4,977807465
1733,3504,5,977807465
1733,1235,5,977807465
1733,1304,4,977807500
1733,2997,4,977807500
1733,3362,4,977807550
1733,1080,3,977807550
1733,176,4,977807597
1733,2289,4,977807597
1733,1392,4,977807644
1733,235,4,977807683
1733,2879,3,977807683
1733,39,3,977807720
1733,1,4,977807720
1733,1963,3,977807720
1733,2064,4,977807720
1733,3608,4,977807775
1733,1265,3,977807804
1733,1197,3,977807804
1733,3543,4,977807835
1733,1278,4,977807924
1733,1258,4,977807924
1733,3499,3,977807967
1733,3676,3,977807967
1733,1345,3,977807967
1733,799,4,977808002
1733,2746,3,977808002
1733,968,5,977808002
1733,3727,3,977808038
1733,3576,3,977808038
1733,1321,3,977808038
1733,2710,4,977808038
1733,565,4,977808103
1733,2525,4,977808103
1733,2747,4,977808103
1733,3081,4,977808103
1733,2826,3,977808144
1733,1339,4,977808144
1733,3018,4,977808144
1733,2148,3,977808183
1733,512,3,977808183
1733,177,3,977808183
1733,610,3,977808183
1733,1130,4,977808183
1733,3693,3,977808183
1733,2003,3,977808183
1733,1334,4,977808227
1733,2793,3,977808227
1733,532,3,977808227
1733,2004,4,977808227
1733,1347,3,977808227
1733,3660,3,977808227
1733,2167,2,977808259
1733,1128,3,977808259
1733,2519,4,977808337
1733,2517,3,977808337
1733,328,3,977808337
1733,1974,3,977808337
1733,382,2,977808337
1733,2976,4,977808337
1733,1762,3,977808337
1733,3839,4,977808337
1733,1690,3,977808374
1733,3013,3,977808374
1733,1346,3,977808374
1733,220,3,977808374
1733,188,3,977808374
1733,3837,3,977808414
1733,879,2,977808414
1733,2451,2,977808414
1733,3840,3,977808414
1733,2163,2,977808480
1733,2901,4,977808480
1733,1342,2,977808480
1733,2121,2,977808480
1733,2428,2,977808480
1733,2483,4,977808480
1733,2900,2,977808480
1733,332,2,977808480
1733,742,2,977808519
1733,2717,3,977808519
1733,196,3,977808519
1733,2026,3,977808519
1733,1987,2,977808519
1733,1327,3,977808519
1733,842,2,977808519
1733,2898,3,977808519
1733,2120,2,977808584
1733,1623,2,977808584
1733,3273,2,977808584
1733,1717,2,977808584
1733,724,2,977808584
1733,2560,4,977808584
1733,1178,5,977808799
1733,2682,4,977808799
1733,1193,4,977808836
1733,296,5,977808928
1733,1213,5,977808928
1733,1228,4,977808957
1733,1952,4,977808989
1733,3090,5,977808989
1733,1247,5,977809037
1733,1208,5,977809037
1733,2908,4,977809064
1733,1411,4,977809122
1733,318,5,977809191
1733,919,4,977809191
1733,2912,4,977809191
1733,1245,4,977809244
1733,1095,5,977809244
1733,260,4,977809465
1733,1259,4,977809497
1733,1291,4,977809542
1733,1073,3,977809542
1733,3168,4,977809569
1733,592,4,977809617
1733,3175,3,977809617
1733,1580,3,977809701
1733,1275,3,977809701
1733,380,3,977809785
1733,2115,3,977809785
1733,2046,2,977809785
1733,1676,3,977809785
1733,2133,3,977809826
1733,1377,3,977809826
1733,2005,3,977809826
1733,303,3,977809852
1733,2093,3,977809852
1733,2470,3,977809878
1733,2193,4,977809878
1733,1049,3,977809945
1733,2054,3,977809945
1733,2275,4,977809946
1733,2,2,977809984
1733,3571,4,978155983
1733,924,5,978419314
1733,2712,5,978419440
1733,750,5,978581676
1733,3510,4,979541628
1733,3717,3,979541645
1733,145,3,979623938
1733,1201,5,979623968
1733,2387,2,979623968
1733,1209,4,979624030
1733,671,3,979624065
1733,3826,3,979704079
1733,2664,4,980143438
1733,3795,3,980486977
1733,1449,4,980748609
1733,123,5,982212050
1733,3893,4,983048480
1733,1233,4,983312422
1733,1246,4,983312449
1733,3882,3,983419913
1733,965,4,983484832
1733,2186,4,983484848
1733,3728,3,983484879
1733,1625,4,983484926
1733,1283,4,983485040
1733,1350,4,983485525
1733,3024,3,983485525
1733,1388,3,983485525
1733,2461,3,983485585
1733,1771,3,983485585
1733,3838,2,983485585
1733,2606,2,983485585
1733,2389,2,983485624
1733,2514,2,983485624
1733,1655,2,983485624
1733,3709,2,983485624
1733,2107,2,983485651
1733,2448,2,983485676
1733,2995,2,983485676
1733,3572,2,983485676
1733,1756,2,983485676
1733,1198,4,983485735
1733,1210,4,983485735
1733,2161,3,983485772
1733,2640,4,983509690
1733,2890,4,983511134
1733,231,4,983598779
1733,1923,3,983598956
1733,3948,3,984113077
1733,3440,2,984116580
1733,3438,3,984116580
1733,3439,2,984116580
1733,2813,4,984117747
1733,3002,4,984117800
1733,1856,3,984117823
1733,1295,4,984289305
1733,2572,3,984293013
1733,2490,3,984293033
1733,2598,3,984293060
1733,299,3,984293060
1733,2692,4,984293082
1733,1513,3,984293082
1733,314,4,984293105
1733,2700,4,984293105
1733,2702,3,984293123
1733,3798,3,984293140
1733,2683,2,984293203
1733,2694,3,984293221
1733,3285,3,984293221
1733,2355,4,984293238
1733,2772,3,984293279
1733,2759,4,984293308
1733,1093,3,984293308
1733,2605,3,984293340
1733,3113,2,984293340
1733,233,4,984293340
1733,2333,3,984293377
1733,2580,4,984293377
1733,2761,4,984293420
1733,2690,4,984293420
1733,2676,2,984293420
1733,3752,3,984293476
1733,3174,3,984293476
1733,2568,2,984293494
1733,2502,4,984293494
1733,574,4,984293856
1733,32,4,984293856
1733,104,3,984460944
1733,2891,3,984460944
1733,3317,4,984543779
1733,2979,3,984689028
1733,153,2,984702633
1733,3213,4,984702633
1733,1419,4,984792992
1733,3812,4,984810026
1733,3201,4,984972157
1733,1999,2,985150379
1733,1034,3,985240027
1733,448,5,985240110
1733,1249,4,985592131
1733,2973,5,985592148
1733,1975,2,985833308
1733,1979,3,985833308
1733,1980,3,985833308
1733,69,3,985833308
1733,3177,2,985833320
1733,3078,4,985833490
1733,2883,5,985833490
1733,2371,4,986011701
1733,1244,4,986184991
1733,1222,4,986228770
1733,2433,3,986270447
1733,3016,3,986270472
1733,2541,3,986270472
1733,1094,3,986703952
1733,2745,4,986710396
1733,741,4,986711015
1733,2081,3,986711050
1733,1033,3,986711154
1733,1405,3,986711154
1733,2810,4,986711154
1733,3019,4,986711253
1733,1912,4,986711253
1733,1500,3,986711275
1733,555,3,986711292
1733,3266,4,986711311
1733,3301,3,986711312
1733,1061,3,986711350
1733,1589,3,986711350
1733,431,3,986711350
1733,2231,3,986711384
1733,2540,3,986711409
1733,198,3,986711409
1733,999,3,986711436
1733,367,2,986711436
1733,3247,2,986711463
1733,170,3,986711463
1733,434,3,986711501
1733,1918,3,986711501
1733,2986,3,986711502
1733,2616,3,986711502
1733,2126,3,986711590
1733,1627,3,986711635
1733,716,3,986711675
1733,762,2,986711675
1733,1539,2,986711675
1733,1000,2,986711740
1733,1292,5,986877644
1733,2298,2,987484896
1733,3943,3,987651770
1733,3563,3,987720371
1733,3950,4,987744869
1733,3200,4,987744895
1733,3915,3,988072849
1733,3910,4,988598412
1733,2349,4,989642544
1733,3911,4,989981484
1733,1288,4,989981530
1733,154,5,990072963
1733,216,3,990073014
1733,1236,4,990073073
1733,1648,3,990594017
1733,1563,5,990676415
1733,1484,3,990676415
1733,187,4,990676440
1733,2171,5,990676502
1733,3869,3,990735777
1733,370,3,990735777
1733,3868,4,990735777
1733,1984,2,990852655
1733,891,1,990901280
1733,1966,4,991020498
1733,2028,4,991158307
1733,3703,4,991158331
1733,1788,4,991158331
1733,3418,4,991158358
1733,2529,4,991158372
1733,2947,4,991158395
1733,3471,4,991889728
1733,1348,4,991889796
1733,1875,3,991969120
1733,1635,4,992154322
1733,3740,4,992154341
1733,1173,4,992154355
1733,550,3,992154403
1733,312,2,992154425
1733,157,2,992154425
1733,435,2,992154425
1733,327,2,992154450
1733,186,2,992154450
1733,2119,3,992154468
1733,1217,5,992319407
1733,63,2,992319430
1733,3030,4,992412027
1733,661,3,992500018
1733,3569,4,992500112
1733,2726,4,992754776
1733,3783,5,993614844
1733,283,3,993884219
1733,42,3,995086798
1733,910,4,995148160
1733,2985,4,995694804
1733,3319,3,995697043
1733,2660,4,996030890
1733,1060,4,996360149
1733,2725,4,996547555
1733,2885,4,996649545
1733,492,4,996649581
1733,514,3,997054815
1733,1529,4,997505614
1733,494,3,997573978
1733,3951,4,997574146
1733,3794,3,998295683
1733,3852,4,998370501
1733,320,4,998456242
1733,3858,4,998524401
1733,3219,3,998712128
1733,1858,3,998868288
1733,3006,4,998868610
1733,25,4,998868640
1733,778,4,998868645
1733,34,4,998868711
1733,149,4,1000091471
1733,1880,4,1000529495
1733,882,3,1000532634
1733,3052,3,1000603645
1733,3253,4,1000603667
1733,356,3,1000603681
1733,2340,3,1000603723
1733,3254,3,1000603723
1733,2149,3,1000603751
1733,2465,3,1001048329
1733,2138,4,1001222335
1733,183,4,1001272700
1733,2880,3,1001272700
1733,3355,3,1001273292
1733,1644,2,1001273396
1733,2462,1,1001273427
1733,2338,2,1001273427
1733,1993,2,1001273427
1733,3573,2,1001273449
1733,3696,3,1001273532
1733,3017,2,1001273550
1733,2668,3,1001273567
1733,2513,2,1001273567
1733,1389,2,1001273628
1733,2460,2,1001273661
1733,1212,4,1001454631
1733,923,5,1001548399
1733,3365,4,1001619194
1733,1939,4,1001619347
1733,1785,4,1001744977
1733,806,4,1003007972
1733,1916,5,1003040288
1733,2589,4,1003376059
1733,1112,4,1003561429
1733,184,4,1003628632
1733,215,4,1003891495
1733,117,3,1004159032
1733,1114,4,1004233840
1733,3900,4,1005543313
1733,3550,3,1005889681
1733,1922,3,1005889752
1733,2150,4,1005889854
1733,3539,4,1007004410
1733,1659,4,1007094596
1733,1567,3,1007698004
1733,2329,3,1007705584
1733,1840,3,1007705632
1733,3060,4,1007715186
1733,1091,3,1007963343
1733,1546,4,1008143312
1733,2074,3,1008226205
1733,1306,2,1008408469
1733,2948,4,1008559961
1733,2949,4,1008580275
1733,2993,4,1008663153
1733,3208,3,1009854364
1733,2290,3,1010389414
1733,1773,4,1010462431
1733,1057,4,1010549046
1733,1502,4,1010650305
1733,2271,3,1010977447
1733,3718,3,1011594788
1733,3262,4,1012192834
1733,803,4,1012380458
1733,2169,3,1012720648
1733,3908,2,1012884950
1733,1889,5,1013233692
1733,1904,4,1013299108
1733,2579,5,1013744037
1733,2770,4,1013840202
1733,253,3,1013991562
1733,784,3,1014008366
1733,2012,4,1014008577
1733,2011,4,1014008577
1733,780,3,1014008591
1733,788,3,1014008624
1733,1603,4,1014008657
1733,1391,3,1014008657
1733,442,3,1014008671
1733,1779,2,1014008700
1733,880,2,1014008705
1733,849,2,1014008726
1733,1590,2,1014008726
1733,160,2,1014008761
1733,1882,2,1014008761
1733,546,2,1014008798
1733,1992,3,1014009009
1733,3692,2,1014009070
1733,1981,2,1014009087
1733,2137,4,1014009466
1733,3083,4,1014094994
1733,1914,4,1014095055
1733,1230,4,1014095055
1733,2351,5,1014349697
1733,3892,3,1014871747
1733,3075,4,1015396390
1733,3855,5,1015614462
1733,3733,5,1015638175
1733,1866,3,1015654617
1733,2864,3,1015746785
1733,662,3,1016263240
1733,1884,4,1016263240
1733,2621,5,1016509086
1733,417,5,1016594992
1733,3272,5,1017042221
1733,175,5,1017990336
1733,1846,5,1017993039
1733,2427,5,1018076292
1733,3056,4,1018163656
1733,306,5,1018163737
1733,2964,5,1018251864
1733,2600,5,1018318647
1781,1373,4,974699850
1781,1270,4,974699892
1781,110,5,974699892
1781,912,3,974699933
1781,2641,2,974699982
1781,2524,1,974699982
1781,527,5,974699982
1781,185,4,974699982
1781,3408,5,974700232
1781,3753,4,974700310
1781,332,4,974700414
1781,1261,4,974700414
1781,1337,4,974700414
1781,1214,5,974700414
1781,1219,5,974700414
1781,842,4,974700414
1781,1997,5,974700469
1781,2782,4,974700469
1781,2785,4,974700469
1781,2655,1,974700469
1781,2097,4,974700469
1781,1994,4,974700469
1781,1982,5,974700514
1781,1215,5,974700514
1781,2716,5,974700514
1781,1321,4,974700566
1781,610,1,974700566
1781,2288,2,974700566
1781,3662,3,974700566
1781,1345,5,974700566
1781,1350,3,974700566
1781,1278,5,974700609
1781,1347,4,974700609
1781,1333,5,974700609
1781,1334,4,974700657
1781,253,4,974700657
1781,3499,5,974700658
1781,1339,3,974700658
1781,1407,5,974700658
1781,3930,2,974700658
1781,3476,2,974700716
1781,2160,2,974700716
1781,2455,3,974700716
1781,2003,4,974700716
1781,366,3,974700769
1781,724,5,974700769
1781,2784,4,974700770
1781,3785,1,974700770
1781,2617,5,974700770
1781,1645,2,974700770
1781,2747,3,974700809
1781,3928,4,974700809
1781,2657,5,974700809
1781,532,3,974700809
1781,2793,3,974700847
1781,2780,3,974700847
1781,1974,1,974700920
1781,2519,3,974700920
1781,512,5,974700972
1781,2163,3,974700972
1781,382,4,974700972
1781,2713,4,974700972
1781,1690,3,974701018
1781,3264,4,974701018
1781,1327,1,974701018
1781,70,5,974701018
1781,1346,2,974701054
1781,3708,3,974701054
1781,3016,4,974701054
1781,1331,1,974701099
1781,273,3,974701099
1781,3918,4,974701099
1781,196,1,974701099
1781,2968,3,974701200
1781,2174,5,974701200
1781,2797,4,974701200
1781,260,5,974701200
1781,1097,5,974701200
1781,1073,5,974701200
1781,2872,5,974701200
1781,2087,2,974701259
1781,3479,4,974701259
1781,1019,4,974701259
1781,1967,4,974701259
1805,3450,5,974697700
1805,1639,3,974697700
1805,111,4,974697700
1805,2420,5,974697743
1805,2628,4,974697743
1805,260,5,974698124
1805,1348,4,974698140
1805,1270,5,974698250
1805,910,5,974698350
1805,2918,5,974698350
1805,1197,5,974698350
1805,1234,5,974698350
1805,2716,4,974698444
1805,2746,4,974698444
1805,2003,3,974698489
1805,2717,3,974698540
1805,1261,5,974698540
1805,101,5,974698716
1805,2395,5,974698856
1805,608,5,974734373
1805,1732,5,974734390
1805,223,5,974734460
1805,1178,5,974734497
1805,903,5,974734526
1805,1059,2,974734556
1805,2710,1,974734582
1805,457,3,974734639
1805,2692,5,974734639
1805,1408,3,974734639
1805,511,3,974734639
1805,2571,5,974734639
1805,110,4,974734639
1805,589,3,974734660
1805,21,4,974734660
1805,480,3,974734679
1805,1356,4,974734679
1805,733,4,974734694
1805,1573,3,974734713
1805,6,5,974734713
1805,493,4,974734713
1805,1215,5,974734764
1805,2006,3,974734790
1805,1580,4,974734790
1805,112,4,974734790
1805,10,3,974734812
1805,2275,4,974734812
1805,2723,3,974734835
1805,1676,1,974734835
1805,380,2,974734835
1805,329,5,974734835
1805,552,3,974734835
1805,1377,4,974734865
1805,648,3,974734865
1805,1282,5,974734914
1805,1,5,974734933
1805,1584,4,974734981
1805,2916,2,974734981
1805,671,5,974734981
1805,1396,4,974735006
1805,1527,5,974735006
1805,788,1,974735035
1805,780,3,974735035
1805,2012,4,974735035
1805,2393,4,974735035
1805,1617,5,974735068
1805,2804,5,974735106
1805,3543,5,974735137
1805,1288,5,974735137
1805,3361,5,974735137
1805,1307,4,974735137
1805,3424,5,974735137
1805,1172,5,974735137
1805,2797,4,974735174
1805,2174,4,974735174
1805,1285,5,974735174
1805,3210,4,974735222
1805,1968,4,974735222
1805,3526,4,974735237
1805,3039,5,974735237
1805,2926,4,974735237
1805,1663,4,974735251
1805,3552,5,974735251
1805,1395,5,974735251
1805,1783,1,974758733
1805,1358,5,974758879
1805,1089,5,974758879
1805,50,5,974758879
1805,2762,4,974758879
1805,593,5,974758879
1805,293,3,974758905
1805,3147,4,974758905
1805,2542,5,974758905
1805,2858,5,974758992
1805,2396,4,974759016
1805,1265,5,974759040
1805,2997,5,974759040
1805,2700,5,974759040
1805,2282,5,974759040
1805,3060,4,974759056
1805,441,4,974759056
1805,2324,5,974759077
1805,497,5,974759077
1805,1641,4,974759077
1805,1500,5,974759077
1805,368,2,974759140
1805,1379,3,974759166
1805,303,3,974759166
1805,1213,4,974759248
1805,296,5,974759248
1805,318,5,974759272
1805,2959,5,974759272
1805,994,5,974759312
1805,1704,5,974759346
1805,1073,4,974837599
1805,1097,4,974837599
1805,2161,4,974837617
1805,367,3,974837617
1805,2193,5,974837617
1805,2054,3,974837640
1805,2005,5,974837640
1805,1126,2,974837661
1805,3489,5,974837661
1805,317,1,974837661
1805,1920,1,974837686
1805,2399,1,974837686
1805,3438,4,974837686
1805,810,1,974837703
1805,3439,3,974837703
1805,2162,4,974837703
1805,750,5,974837744
1805,912,5,974837744
1805,1224,5,974837767
1805,1196,5,974837767
1805,1208,5,974837784
1805,1210,5,974837796
1805,1222,5,974837810
1805,3448,4,974837822
1805,356,4,974837843
1805,858,5,974837889
1817,1210,4,974697285
1817,2259,2,974697285
1817,593,5,974697329
1817,1883,4,974697329
1817,111,5,974697385
1817,2352,4,974697385
1817,1194,2,974697385
1817,1171,5,974697385
1817,2571,5,974697385
1817,3173,4,974697498
1817,3753,4,974697498
1817,3300,3,974697498
1817,3510,2,974697498
1817,3287,3,974697535
1817,3513,3,974697574
1817,3555,3,974697574
1817,3354,3,974697607
1817,3190,1,974697645
1817,2996,1,974697791
1817,318,5,974697839
1817,2028,5,974697898
1817,3429,4,974697898
1817,1617,4,974697990
1817,2858,4,974697990
1817,1213,4,974697990
1817,3114,4,974697990
1817,745,4,974698036
1817,296,2,974698092
1817,3751,5,974698242
1817,3408,3,974698364
1817,3793,4,974698364
1817,3536,2,974698364
1817,3326,3,974698474
1817,3826,1,974698474
1817,1396,4,974698862
1817,480,2,974698862
1817,1748,4,974698862
1817,1584,5,974698862
1817,32,5,974698862
1817,1527,4,974698862
1817,589,4,974698862
1817,1580,4,974698934
1817,1653,5,974698934
1817,1573,2,974698934
1817,426,3,974698934
1817,3175,4,974698934
1817,1356,4,974701010
1817,198,2,974701010
1817,2628,4,974701011
1817,2393,2,974701011
1817,1909,3,974701011
1817,316,3,974701075
1817,780,3,974701075
1817,3156,2,974701075
1817,1876,2,974701075
1817,196,2,974701075
1817,1391,4,974701075
1817,512,2,974701122
1817,788,2,974701122
1817,1676,3,974701122
1817,504,1,974701265
1817,1320,3,974701265
1817,329,2,974701265
1817,1603,2,974701265
1817,1544,1,974701361
1817,1762,1,974701361
1817,338,3,974701361
1817,1779,2,974701361
1817,1037,1,974701361
1817,1831,1,974701361
1817,172,1,974701464
1817,185,2,974701464
1817,2722,1,974701464
1817,2428,2,974701464
1817,160,1,974701464
1817,1917,2,974701464
1817,880,1,974701464
1817,1882,1,974701560
1817,2322,2,974701560
1817,256,2,974701629
1817,2448,1,974701629
1817,1590,2,974701629
1817,2827,3,974701629
1817,2701,1,974701665
1817,3481,4,974701737
1817,3617,1,974701812
1817,3301,2,974702209
1817,3535,4,974702262
1817,3744,4,974702342
1817,3578,4,974702342
1817,3623,1,974702342
1817,3316,1,974702409
1817,3879,3,974702409
1817,899,4,974702631
1817,919,3,974702672
1817,364,4,974702672
1817,3545,5,974702672
1817,3512,3,974702784
1895,1270,4,974691833
1895,2313,4,974691894
1895,1210,4,974691894
1895,2628,3,974691945
1895,1517,3,974691945
1895,3952,4,974692188
1895,3948,4,974692188
1895,3359,4,974692628
1895,3593,2,974692747
1895,3827,4,974692747
1895,260,4,974693116
1895,2944,5,974693116
1895,1221,5,974693116
1895,969,4,974693116
1895,1198,5,974693116
1895,2947,4,974693116
1895,858,5,974693116
1895,1214,4,974693155
1895,1196,4,974693155
1895,2028,5,974693155
1895,3307,4,974693321
1895,1230,3,974693321
1895,3462,4,974693373
1895,910,5,974693373
1895,2858,5,974693406
1895,1281,4,974693406
1895,2396,4,974693437
1895,1256,4,974693484
1895,1079,4,974693484
1895,3363,4,974693520
1895,3424,5,974693577
1895,1265,2,974693712
1895,1307,4,974693862
1895,2918,4,974693862
1895,2248,4,974694029
1895,3685,4,974694029
1895,3072,5,974694029
1895,2915,4,974694029
1895,2289,4,974694081
1895,1204,5,974694148
1895,1291,4,974694183
1895,1931,4,974694267
1895,2987,4,974694267
1895,2871,4,974694267
1895,2916,2,974694337
1895,1073,4,974694337
1895,2115,4,974694434
1895,480,4,974694434
1895,590,4,974694548
1895,2406,4,974694759
1895,2470,4,974694759
1895,2133,2,974694819
1895,380,4,974694819
1895,733,4,974694819
1895,1580,4,974694849
1895,1676,4,974694894
1895,296,4,974695006
1895,1213,5,974695052
1895,1617,4,974695052
1895,1179,4,974695086
1895,1953,5,974695086
1895,1234,4,974695169
1895,293,4,974695169
1895,1466,4,974695240
1895,1227,3,974695240
1895,431,4,974695309
1895,6,4,974695309
1895,1729,3,974695418
1944,1584,3,974688858
1944,585,3,974689064
1944,2953,2,974689064
1944,543,3,974689064
1944,3270,5,974689164
1944,2683,5,974689164
1944,2858,5,974692037
1944,1127,5,974692037
1944,2706,5,974692037
1944,3534,4,974692037
1944,2572,4,974692037
1944,2707,3,974692109
1944,3285,3,974692109
1944,2997,4,974692109
1944,2827,4,974692109
1944,3004,2,974692109
1944,2908,4,974692161
1944,2975,5,974692161
1944,2710,3,974692161
1944,2770,4,974692161
1944,2694,4,974692161
1944,3005,3,974692161
1944,2541,4,974692270
1944,2599,5,974692633
1944,2605,4,974692633
1944,3408,5,974692633
1944,2336,4,974692633
1944,2959,3,974692706
1944,2688,4,974692706
1944,3409,3,974692706
1944,2716,5,974692753
1944,3578,4,974692753
1944,2333,5,974692753
1944,260,5,974693232
1944,1196,5,974693336
1944,1198,5,974693427
1944,50,5,974693427
1944,593,5,974693427
1944,1617,4,974697642
1944,296,5,974697687
1944,720,4,974697817
1944,1219,4,974697869
1944,3260,5,974697978
1944,1210,5,974697978
1944,608,4,974698070
1944,2324,5,974698142
1944,3006,3,974698385
1944,2918,5,974698455
1944,1307,5,974698638
1944,2791,5,974698638
1944,1200,1,974698701
1944,1639,5,974698760
1944,3481,5,974699779
1944,3598,3,974699779
2054,1968,3,974661164
2054,1682,3,974661164
2054,257,2,974661164
2054,544,2,974661199
2054,3764,2,974661199
2054,3868,4,974661199
2054,2795,4,974661302
2054,1288,5,974661302
2054,2791,4,974661302
2054,1270,4,974661302
2054,1079,4,974661302
2054,2804,4,974661303
2054,1197,5,974661338
2054,3361,3,974661338
2054,1259,3,974661338
2054,2918,5,974661338
2054,1220,3,974661338
2054,1285,2,974661381
2054,1307,4,974661381
2054,1238,4,974661381
2054,1663,4,974661381
2054,2000,5,974661381
2054,1257,4,974661424
2054,3039,4,974661424
2054,2797,4,974661424
2054,3525,3,974661424
2054,3608,3,974661424
2054,2001,4,974661483
2054,2423,3,974661483
2054,3526,3,974661483
2054,2472,2,974661518
2054,2406,3,974661518
2054,2245,2,974661518
2054,2746,2,974661518
2054,3448,4,974661574
2054,2463,2,974661574
2054,2371,3,974661574
2054,3033,3,974661574
2054,2100,3,974661574
2054,1297,4,974661574
2054,3740,4,974661574
2054,3070,3,974661636
2054,3087,3,974661636
2054,2003,4,974661636
2054,3591,4,974661636
2054,1206,2,974661730
2054,3702,4,974661730
2054,3471,4,974661730
2054,260,5,974661730
2054,1214,5,974661730
2054,2657,3,974661755
2054,1371,2,974661780
2054,2139,4,974661859
2054,610,2,974661859
2054,2987,4,974661859
2054,1205,3,974661859
2054,3751,5,974661924
2054,2761,5,974661924
2054,1148,4,974661924
2054,3114,5,974661924
2054,745,4,974661924
2054,1223,4,974661924
2054,1,5,974661924
2054,2857,1,974661959
2054,588,4,974661959
2054,2700,4,974661959
2054,2355,5,974661989
2054,2294,1,974662023
2054,595,2,974662023
2054,3034,3,974662057
2054,1025,3,974662057
2054,741,3,974662057
2054,1566,2,974662094
2054,3745,2,974662094
2054,1274,3,974662094
2054,1405,4,974662094
2054,3615,3,974662120
2054,1920,3,974662158
2054,673,3,974662158
2054,3653,4,974662317
2054,3913,5,974662317
2054,2174,4,974662418
2054,2968,4,974662418
2054,1073,3,974662418
2054,1097,4,974662418
2054,2005,4,974662650
2054,2105,5,974662650
2054,2140,4,974662650
2054,2879,3,974662731
2054,112,4,974662731
2054,1215,5,974662731
2054,733,4,974662731
2054,1676,4,974662766
2054,3175,5,974662766
2054,480,5,974662766
2054,2916,4,974662766
2054,1580,4,974662766
2054,380,3,974662766
2054,349,4,974662802
2054,2167,5,974662802
2054,2628,5,974662802
2054,648,2,974662802
2054,552,3,974662824
2054,1552,3,974662824
2054,2617,4,974662824
2054,329,3,974662824
2054,303,4,974662849
2054,158,2,974662849
2054,1917,4,974662849
2054,434,3,974662849
2054,2322,3,974662849
2054,2723,5,974662880
2054,849,2,974662880
2054,1377,2,974662880
2054,316,5,974662880
2054,736,4,974662880
2054,3489,3,974662913
2054,1544,3,974662913
2054,809,1,974662913
2054,44,4,974662913
2054,798,3,974662913
2054,153,2,974662951
2054,1779,2,974662951
2054,208,3,974662951
2054,173,3,974662951
2054,2822,2,974662951
2054,1606,2,974662970
2054,1591,3,974662984
2054,3705,3,974663001
2054,1681,2,974663001
2054,546,1,974663001
2054,688,3,974663031
2054,15,3,974663031
2054,2153,1,974663031
2054,1562,1,974663031
2054,1210,5,974663080
2054,1198,5,974663080
2054,1291,5,974663080
2054,1261,5,974663080
2054,1129,4,974663080
2054,1196,5,974663080
2054,1376,4,974663080
2054,1374,4,974663107
2054,592,4,974663107
2054,1275,4,974663107
2054,2115,5,974663107
2054,1127,5,974663107
2054,3770,3,974663136
2054,2193,4,974663136
2054,1375,3,974663136
2054,2735,3,974663159
2054,1587,3,974663159
2054,2615,3,974663159
2054,3698,3,974663159
2054,2450,2,974663196
2054,2642,3,974663196
2054,2088,2,974663196
2054,2421,3,974663196
2054,1373,2,974663274
2054,2643,1,974663284
2054,1356,4,974663311
2054,1372,3,974663311
2054,2393,3,974663311
2054,589,5,974663419
2054,2858,4,974663419
2054,3481,4,974663436
2054,110,4,974663436
2054,2291,3,974663436
2054,3753,4,974663448
2054,3911,5,974663470
2054,3863,2,974663500
2054,3624,4,974663588
2054,1136,4,974663835
2054,1080,3,974663871
2054,1997,3,974663871
2054,3362,2,974663871
2054,1278,5,974663888
2054,1294,4,974663903
2054,1982,3,974663917
2054,1292,3,974663958
2054,2924,4,974663958
2054,3578,5,974664017
2054,3793,5,974664017
2054,3623,2,974664084
2054,3300,3,974664153
2054,3827,3,974664153
2054,3717,3,974664168
2054,3785,4,974664186
2054,3298,3,974664186
2054,3617,3,974664212
2054,3752,3,974664212
2054,3354,3,974664279
2054,3821,3,974664310
2054,2907,1,974664482
2054,3450,5,974664581
2054,2268,4,974664581
2054,1527,4,974664581
2054,3,4,974664581
2054,479,2,974664617
2054,1769,3,974664701
2054,520,3,974664701
2054,3263,3,974664750
2054,1240,5,974664777
2054,405,1,974664804
2054,3440,2,974664871
2054,3438,4,974664871
2054,3439,3,974664871
2054,3254,4,974664926
2054,2028,5,974665015
2054,593,4,974665015
2054,2329,3,974665038
2054,318,5,974665038
2054,296,2,974665038
2054,1213,3,974665109
2054,1635,3,974665149
2054,1639,5,974665174
2054,1268,3,974665174
2054,608,5,974665174
2054,1584,5,974665192
2054,778,3,974665192
2054,1393,3,974665209
2054,1704,5,974665209
2054,2959,3,974665226
2054,150,5,974665242
2054,337,1,974665256
2054,293,4,974665285
2054,3178,3,974665303
2054,1060,4,974665303
2054,1396,4,974665347
2054,2125,1,974665347
2054,3105,3,974665347
2054,21,3,974665397
2054,1673,4,974665416
2054,3108,3,974665416
2054,508,3,974665470
2054,1810,2,974665470
2054,491,3,974665494
2054,1059,1,974665494
2054,627,3,974665494
2054,1805,2,974665514
2054,3255,5,974665548
2054,11,4,974665548
2054,1895,3,974665584
2054,45,3,974665607
2054,2431,2,974665607
2054,147,1,974665668
2054,647,2,974665668
2054,1653,2,974665706
2054,372,3,974665706
2054,161,4,974665737
2054,62,4,974665756
2054,1747,3,974665756
2054,1476,3,974665795
2054,832,4,974665882
2054,1801,1,974666017
2054,3156,3,974666156
2054,3107,3,974666223
2054,3020,3,974666223
2054,1093,2,974666249
2054,1918,3,974666249
2054,450,2,974666249
2054,1833,3,974666272
2054,292,2,974666272
2054,1876,3,974666295
2054,253,2,974666371
2054,2002,4,974666409
2054,3500,2,974666409
2054,1542,4,974666442
2092,593,4,974653158
2092,2816,2,974653158
2092,3247,3,974653158
2092,527,4,974653184
2092,2278,3,974653209
2092,3405,5,974653405
2092,1203,3,974653466
2092,924,5,974653514
2092,965,5,974653569
2092,2475,3,974653569
2092,3362,3,974653602
2092,2067,2,974653602
2092,3052,4,974653602
2092,1466,4,974653638
2092,3435,3,974653638
2092,3487,2,974653638
2092,2949,4,974653665
2092,750,5,974653694
2092,1962,3,974653740
2092,1029,4,974653797
2092,1256,5,974653797
2092,2021,1,974653797
2092,2535,2,974653836
2092,1097,4,974653836
2092,2567,3,974653836
2092,2665,2,974653836
2092,949,4,974653882
2092,3168,4,974653882
2092,235,4,974653913
2092,2291,4,974653913
2092,2336,4,974653954
2092,1196,3,974653954
2092,838,2,974653965
2092,1177,5,974654001
2092,3653,4,974654001
2092,468,3,974654038
2092,3929,5,974654082
2092,674,1,974654082
2092,2730,1,974654166
2092,1212,5,974654313
2092,668,3,974654348
2092,1252,5,974654348
2092,923,5,974654348
2092,1617,5,974654385
2092,1207,5,974654385
2092,3095,5,974654477
2092,919,4,974654477
2092,1276,4,974654477
2092,908,5,974654506
2092,2858,4,974654548
2092,3730,4,974654548
2092,1248,4,974654548
2092,3789,3,974654548
2092,2300,5,974654580
2092,905,4,974654580
2092,1251,3,974654580
2092,1188,5,974654580
2092,1178,5,974654698
2092,969,5,974654698
2092,912,5,974654698
2092,1204,4,974654698
2092,1299,4,974654699
2092,3742,3,974654699
2092,3134,3,974654699
2092,3811,5,974654739
2092,1233,5,974654739
2092,1262,4,974654739
2092,1927,3,974654739
2092,1242,5,974654739
2092,1294,5,974654739
2092,1250,5,974654739
2092,3670,4,974654739
2092,920,4,974654739
2092,1094,3,974654781
2092,2028,4,974654781
2092,946,2,974654781
2092,3545,3,974654781
2092,3196,5,974654781
2092,1224,3,974654781
2092,41,5,974654781
2092,2287,3,974654817
2092,1208,5,974654817
2092,1944,5,974654817
2092,2944,3,974654817
2092,3035,5,974654817
2092,1925,4,974654817
2092,1090,4,974654817
2092,1272,4,974654817
2092,2202,4,974654851
2092,3654,4,974654851
2092,897,3,974654851
2092,2662,5,974654851
2092,1263,5,974654851
2092,976,2,974654851
2092,1222,5,974654851
2092,2890,3,974654877
2092,3062,3,974654877
2092,1078,5,974654877
2092,2427,2,974654877
2092,1200,3,974654905
2092,161,3,974654905
2092,1210,3,974654905
2092,3724,3,974655051
2092,647,5,974655051
2092,2669,3,974655051
2092,3448,4,974655051
2092,2941,2,974655051
2092,3628,5,974655051
2092,3566,4,974655147
2092,3624,2,974655147
2092,3481,5,974655147
2092,3555,4,974655174
2092,3513,4,974655174
2092,2948,5,974655581
2092,1035,1,974655581
2092,1284,4,974655581
2092,2791,5,974655617
2092,480,3,974655617
2092,3947,3,974655617
2092,589,4,974655617
2092,1148,5,974655766
2092,745,4,974655779
2092,910,5,974655809
2092,3819,3,974655810
2092,3022,3,974655810
2092,2788,4,974655841
2092,1230,4,974655841
2092,1136,5,974655841
2092,2396,3,974655841
2092,2997,2,974655841
2092,3363,5,974655868
2092,3037,3,974655868
2092,1394,4,974655868
2092,608,5,974655894
2092,260,5,974670067
2092,1198,5,974670067
2092,858,5,974670067
2092,1953,3,974670067
2092,1304,5,974670108
2092,1214,4,974670108
2092,1264,3,974670108
2092,2366,2,974670108
2092,1240,4,974670143
2092,940,4,974670143
2092,3104,3,974670143
2092,3702,3,974670143
2092,1387,4,974670143
2092,2947,5,974670143
2092,21,4,974670178
2092,1291,3,974670178
2092,3267,3,974670179
2092,112,2,974670280
2092,457,3,974670280
2092,1287,3,974670280
2092,1036,4,974670280
2092,474,4,974670280
2092,2571,3,974670320
2092,2916,3,974670320
2092,2000,3,974670320
2092,3384,3,974670320
2092,2194,4,974670320
2092,2058,3,974670359
2092,1220,5,974670359
2092,1610,4,974670394
2092,1129,4,974670394
2092,1408,1,974670394
2092,2985,2,974670394
2092,377,3,974670394
2092,1275,2,974670432
2092,1580,3,974670432
2092,1370,3,974670432
2092,1374,3,974670480
2092,1573,3,974670480
2092,3639,2,974670480
2092,3366,3,974670480
2092,2115,2,974670480
2092,2478,4,974670618
2092,2289,4,974670705
2092,3751,5,974670729
2092,1288,3,974670767
2092,1223,3,974670767
2092,3521,4,974670767
2092,921,3,974670806
2092,933,4,974670806
2092,1244,4,974670806
2092,1278,5,974670806
2092,3543,5,974670806
2092,1537,5,974670806
2092,909,3,974670842
2092,2973,4,974670842
2092,2804,4,974670842
2092,1292,2,974670842
2092,1238,5,974670906
2092,541,4,974670983
2092,913,5,974670983
2092,1267,5,974670983
2092,2186,5,974670983
2092,3683,4,974670983
2092,3364,4,974671013
2092,1179,3,974671013
2092,1260,3,974671013
2092,942,5,974671013
2092,1069,5,974671013
2092,164,4,974671046
2092,2987,3,974671046
2092,1344,5,974671046
2092,707,3,974671067
2092,2182,2,974671067
2092,3047,4,974671136
2092,1237,5,974671259
2092,950,3,974671259
2092,922,3,974671259
2092,904,4,974671287
2092,1219,5,974671287
2092,1945,4,974671314
2092,1193,3,974671314
2092,2847,3,974671342
2092,1103,4,974671342
2092,3089,4,974671342
2092,50,5,974671394
2092,3359,5,974671394
2092,1104,2,974671419
2092,903,3,974671419
2092,306,4,974671446
2092,318,4,974671474
2092,3678,3,974671474
2092,296,5,974671474
2092,2728,2,974671503
2092,899,4,974671503
2092,1084,5,974671525
2092,1225,5,974671553
2092,1303,5,974671553
2092,1247,5,974671594
2092,1300,5,974671594
2092,2204,4,974671594
2092,1231,5,974671594
2092,1245,5,974671594
2092,2936,3,974671642
2092,3469,5,974671642
2092,1099,5,974671671
2092,308,4,974671671
2092,599,4,974671697
2092,3334,5,974671729
2092,2664,4,974671729
2092,1950,3,974671729
2092,1293,3,974671729
2092,3737,5,974671782
2092,3468,4,974671782
2092,1949,3,974671782
2092,3741,4,974671812
2092,2467,2,974671812
2092,951,5,974671847
2092,1197,5,974671847
2092,1694,4,974671847
2092,2966,5,974671847
2092,2132,3,974671878
2092,1086,4,974671878
2092,3551,3,974671878
2092,670,3,974671907
2092,1258,3,974671907
2092,111,3,974671907
2092,615,5,974671931
2092,1942,5,974671955
2092,3634,3,974671988
2092,2076,4,974671988
2092,1931,5,974671988
2092,3871,3,974671988
2092,1283,5,974671988
2092,17,2,974672016
2092,1213,5,974672016
2092,1080,4,974672044
2092,2917,5,974672044
2092,3703,3,974672044
2092,596,4,974672137
2092,1089,5,974672190
2092,1912,4,974672218
2092,1729,4,974672251
2092,1227,3,974672251
2092,2130,4,974672251
2092,1234,5,974672251
2092,2391,4,974672251
2092,2268,4,974672281
2092,1500,3,974672281
2092,431,5,974672317
2092,367,2,974672317
2092,2001,3,974672317
2092,1396,2,974672343
2092,2764,3,974672371
2092,2110,3,974672371
2092,3763,4,974672396
2092,1732,4,974672396
2092,3427,3,974672445
2092,1804,4,974672499
2092,2002,3,974672499
2092,434,3,974672499
2092,3304,4,974672528
2092,1226,2,974672738
2092,3341,5,974672738
2092,1948,4,974672771
2092,3814,4,974672771
2092,2599,4,974672771
2092,1111,3,974673044
2092,1289,2,974673084
2092,1050,3,974673084
2092,2670,4,974673403
2092,2476,3,974673460
2092,356,4,974673460
2092,3143,3,974673460
2092,3519,2,974673460
2092,1391,5,974673507
2092,780,4,974673507
2092,3066,5,974673507
2092,1676,3,974673507
2092,3441,2,974673552
2092,3766,2,974673552
2092,2815,2,974673552
2092,3937,4,974680603
2092,3930,2,974680603
2092,3927,3,974680603
2092,3060,5,974680688
2092,1254,5,974680740
2092,2871,5,974680740
2092,3461,3,974680740
2092,2968,5,974680740
2092,952,3,974680785
2092,1073,5,974680785
2092,590,4,974680785
2092,3699,4,974680785
2092,3175,5,974680785
2092,1019,5,974680785
2092,2105,3,974680834
2092,1372,3,974680834
2092,2099,2,974680834
2092,2640,3,974680834
2092,2414,3,974680834
2092,1375,3,974680834
2092,1049,5,974680834
2092,2406,5,974680834
2092,733,2,974680884
2092,1552,2,974680884
2092,3417,5,974680884
2092,2528,2,974680884
2092,3494,5,974680884
2092,349,4,974680884
2092,2133,4,974680951
2092,1894,3,974680951
2092,2470,3,974680951
2092,2344,2,974680951
2092,2641,3,974680951
2092,464,3,974680951
2092,648,2,974680951
2092,2054,2,974680993
2092,380,2,974680993
2092,2094,4,974680994
2092,2405,3,974680994
2092,3698,2,974681037
2092,3834,2,974681037
2092,329,2,974681037
2092,3345,2,974681037
2092,2043,1,974681082
2092,849,2,974681082
2092,1544,1,974681082
2092,736,1,974681082
2092,1373,2,974681112
2092,3489,3,974681112
2092,462,3,974681199
2092,3767,2,974690083
2092,516,3,974690083
2092,466,3,974690083
2092,3070,4,974690244
2092,1085,3,974690244
2092,1356,3,974690369
2092,2046,2,974690369
2092,1376,4,974690369
2092,3479,2,974690369
2092,610,2,974690460
2092,2013,1,974690543
2092,10,2,974690543
2092,1371,4,974690619
2092,1917,3,974690775
2092,1249,3,974690982
2092,1965,4,974690982
2092,1243,5,974768926
2092,2064,3,974768926
2092,1269,3,974768970
2092,2716,5,974768970
2092,3421,4,974768970
2092,1,3,974769071
2092,3504,3,974769071
2092,1270,5,974769071
2092,3608,3,974769071
2092,1079,3,974769071
2092,1663,4,974769071
2092,3088,4,974769071
2092,1963,3,974769071
2092,3552,3,974769071
2092,2108,3,974769116
2092,1968,2,974769116
2092,3061,2,974769116
2092,125,5,974769170
2092,357,3,974769170
2092,2321,4,974769170
2092,2174,3,974769170
2092,101,3,974769170
2092,3873,3,974769170
2092,2150,4,974769218
2092,3076,3,974769218
2092,3671,5,974769218
2092,1172,3,974769218
2092,911,3,974769218
2092,3108,4,974769274
2092,2918,5,974769274
2092,348,3,974769274
2092,2797,3,974769274
2092,3868,4,974769274
2092,1641,3,974769274
2092,39,3,974769402
2092,1747,2,974769402
2092,3740,3,974769402
2092,2349,4,974769402
2092,1923,3,974769474
2092,2144,4,974769474
2092,2870,2,974769474
2092,3526,5,974769474
2092,2243,5,974769474
2092,1517,2,974769474
2092,1845,3,974769474
2092,417,4,974769474
2092,1279,4,974769474
2092,492,4,974769474
2092,3507,5,974769474
2092,1784,3,974769567
2092,3308,4,974769567
2092,3622,2,974769567
2092,3451,2,974769567
2092,2395,4,974769567
2092,2352,3,974769567
2092,2915,3,974769567
2092,2331,2,974769621
2092,345,2,974769621
2092,2355,3,974769621
2092,2100,3,974769621
2092,2463,3,974769621
2092,3614,4,974769621
2092,3072,4,974769621
2092,3028,3,974769740
2092,2080,3,974769740
2092,970,2,974769809
2092,3501,4,974769809
2092,2759,4,974769809
2092,1425,4,974769809
2092,3129,3,974769809
2092,440,3,974769809
2092,2302,3,974769867
2092,2883,3,974769867
2092,1297,4,974769867
2092,2065,5,974769867
2092,2081,3,974769867
2092,3244,3,974769867
2092,635,3,974769867
2092,2369,1,974769911
2092,3516,2,974769911
2092,372,2,974769911
2092,3253,2,974769911
2092,1485,2,974769911
2092,3809,2,974769953
2092,2539,3,974769953
2092,1395,3,974770010
2092,3812,5,974770010
2092,2407,3,974770010
2092,934,2,974770010
2092,2247,4,974770050
2092,1689,1,974770089
2092,2752,4,974770089
2092,2424,3,974770143
2092,1010,3,974770143
2092,3264,3,974770143
2092,2163,4,974770143
2092,708,4,974770143
2092,2416,5,974770143
2092,3506,2,974770184
2092,2015,4,974770184
2092,2770,3,974770184
2092,2145,4,974770184
2092,3446,4,974770233
2092,587,4,974770233
2092,3033,1,974770233
2092,144,4,974770233
2092,3263,3,974770233
2092,3591,2,974770233
2092,539,4,974770280
2092,937,2,974770280
2092,1701,4,974770280
2092,1020,2,974770332
2092,368,1,974770332
2092,1542,3,974770332
2092,3450,3,974770332
2092,2082,1,974770332
2092,1007,2,974770369
2092,2518,3,974770369
2092,1135,1,974770369
2092,3045,3,974770369
2092,1083,3,974770409
2092,2134,3,974770409
2092,1409,3,974770409
2092,312,2,974770458
2092,597,4,974770458
2092,2246,3,974770458
2092,1513,5,974770458
2092,830,2,974770520
2092,2469,5,974770520
2092,2088,2,974770520
2092,3869,3,974770520
2092,3524,1,974770520
2092,2252,4,974770520
2092,1057,4,974770520
2092,552,3,974770599
2092,2372,4,974770599
2092,2378,2,974770599
2092,1016,2,974770648
2092,3841,4,974770648
2092,586,1,974770691
2092,3258,2,974770691
2092,2436,5,974770691
2092,485,3,974770755
2092,2735,2,974770831
2092,2792,3,974770831
2092,2468,3,974770831
2092,2112,4,975119043
2092,3701,3,975119043
2092,3816,4,975119280
2092,307,4,975119280
2092,448,4,975119317
2092,1721,2,975119370
2092,3403,2,975119370
2092,3361,5,975119489
2092,3872,3,978302213
2092,528,4,978302213
2092,3201,3,978302326
2092,3135,4,978302432
2092,1199,5,978302481
2092,1265,5,978302481
2092,1180,4,978302481
2092,2660,5,978302511
2092,1704,4,978302558
2092,1938,4,978302558
2092,1201,3,978302558
2092,3365,5,978302558
2092,1419,5,978302558
2092,3011,3,978302596
2092,971,3,978302596
2092,1333,3,978302596
2092,994,4,978302596
2092,1206,5,978302596
2092,150,5,978302633
2092,594,4,978302633
2092,3406,4,978302633
2092,3801,4,978302633
2092,3466,5,978302673
2092,1305,4,978302673
2092,3738,4,978302673
2092,2087,4,978302673
2092,1934,3,978302715
2092,2932,5,978302715
2092,456,4,978302715
2092,929,3,978302715
2092,3347,5,978302715
2092,1674,4,978302715
2092,1940,4,978302757
2092,3152,5,978302757
2092,3471,5,978302757
2092,1253,5,978302757
2092,2096,4,978302795
2092,898,4,978302795
2092,2565,5,978302795
2092,3100,4,978302795
2092,2553,4,978302833
2092,595,5,978302833
2092,1935,4,978302833
2092,953,4,978302833
2092,3404,3,978302870
2092,2988,5,978302870
2092,3379,5,978302903
2225,433,3,974598475
2225,908,5,974598475
2225,2028,5,974598510
2225,3948,5,974598617
2225,3629,5,974598745
2225,1281,5,974598745
2225,3307,5,974598745
2225,1256,3,974598745
2225,2300,2,974598799
2225,955,3,974598799
2225,3341,3,974598845
2225,1288,5,974598944
2225,1307,3,974598944
2225,1,4,974598944
2225,946,5,974599040
2225,3671,4,974599040
2225,3022,5,974599040
2225,2064,3,974599095
2225,3114,3,974599095
2225,1292,4,974599095
2225,2359,5,974599095
2225,3552,4,974599187
2225,1270,4,974599187
2225,2289,3,974599231
2225,2396,4,974599265
2225,3740,3,974599294
2225,1641,4,974599294
2225,2248,3,974599316
2225,1663,4,974599355
2225,1285,3,974599355
2225,1079,5,974599390
2225,910,5,974599390
2225,909,5,974599390
2225,141,3,974599390
2225,3361,3,974676362
2225,3424,3,974676401
2225,2115,3,974676466
2225,3608,4,974676466
2225,527,5,974676528
2225,1259,3,974676528
2225,1148,3,974676550
2225,936,3,974676636
2225,3462,5,974676676
2225,745,3,974676676
2225,2804,5,974676711
2225,1304,4,974676817
2225,1394,4,974676817
2225,2324,5,974676817
2225,1276,2,974676855
2225,1923,5,974676902
2225,3129,1,974676966
2225,933,4,974676966
2225,3210,4,974677009
2225,1265,5,974677068
2225,3873,2,974677068
2225,1197,4,974677068
2225,3104,4,974677107
2225,2174,4,974677158
2225,3363,4,974677158
2225,3536,4,974677227
2225,3396,5,974677265
2225,1784,4,974677265
2225,2791,5,974677316
2225,3253,4,974677316
2225,588,4,974677544
2225,104,3,974677544
2225,2065,3,974677544
2225,1125,4,974677544
2225,2795,5,974677593
2225,3012,5,974677593
2225,1278,3,974677593
2225,231,5,974677673
2225,2716,5,974677793
2225,3072,4,974677874
2225,2918,4,974677874
2225,2243,3,974677874
2225,2144,4,974677874
2225,2797,4,974677942
2225,2371,4,974677942
2225,2746,2,974677942
2225,1220,3,974677942
2225,1968,3,974677942
2225,3526,3,974678005
2225,2352,2,974678005
2225,2915,3,974678005
2225,2150,3,974678005
2225,3039,4,974678005
2225,2423,5,974678005
2225,2463,3,974678005
2225,1257,2,974678005
2225,2081,3,974678056
2225,2406,4,974678056
2225,2000,3,974678056
2225,2247,3,974678056
2225,2011,2,974678116
2225,2245,2,974678116
2225,2100,4,974678116
2225,2001,2,974678116
2225,1395,3,974678116
2225,3087,4,974678116
2225,3525,2,974678174
2225,3448,4,974678174
2225,3033,2,974678174
2225,3397,3,974678174
2225,2003,3,974678234
2225,2111,2,974678234
2225,2407,3,974678234
2225,3395,3,974678234
2225,1378,3,974678234
2225,2405,3,974678284
2225,2470,3,974678284
2225,3398,4,974678284
2225,2416,4,974678362
2225,2794,4,974678362
2225,2478,5,974678362
2225,2088,2,974678427
2225,2262,2,974678427
2225,2735,3,974678427
2225,1091,4,974678427
2225,2792,1,974678427
2225,2134,4,974678427
2225,3591,4,974678427
2225,2378,3,974678493
2225,2418,3,974678493
2225,2375,2,974678493
2225,2717,2,974678493
2225,2796,2,974678493
2225,3388,3,974678493
2225,2372,2,974678493
2225,3387,3,974678532
2225,2472,3,974678532
2225,3688,2,974678532
2225,3385,4,974678532
2225,2374,3,974678532
2225,2471,1,974678571
2225,2458,2,974678571
2225,2259,3,974678571
2225,3394,4,974678571
2225,3846,2,974678571
2225,3690,1,974678615
2225,2473,3,974678615
2225,2381,1,974678615
2225,2379,1,974678615
2225,2408,2,974678662
2225,2380,1,974678662
2225,2383,1,974678662
2225,2382,1,974678662
2225,1381,2,974678662
2225,3041,1,974678663
2225,3689,1,974678691
2225,3042,1,974678691
2225,3048,3,974678691
2225,919,4,974678871
2225,899,3,974678871
2225,914,4,974678902
2225,364,4,974678935
2225,1282,5,974678935
2225,1035,5,974678974
2225,1947,5,974678974
2225,3549,5,974679012
2225,2099,4,974679012
2225,1029,4,974679012
2225,1380,4,974679051
2225,2083,5,974679051
2225,1088,3,974679088
2225,1093,3,974679088
2225,2941,5,974679119
2225,107,5,974679119
2225,3600,4,974679145
2225,1204,4,974679207
2225,1196,4,974679207
2225,912,5,974679207
2225,1250,5,974679239
2225,750,3,974679239
2225,920,5,974679280
2225,1272,3,974679280
2225,1090,3,974679280
2225,1242,5,974679280
2225,1294,3,974679280
2225,2890,4,974679310
2225,1222,3,974679310
2225,969,4,974679310
2225,110,4,974679347
2225,3196,5,974679347
2225,2944,3,974679347
2225,3654,4,974679400
2225,151,2,974679400
2225,1210,4,974679400
2225,3143,4,974679400
2225,1183,4,974679447
2225,3062,4,974679447
2225,161,3,974679447
2225,356,5,974679480
2225,1408,4,974679480
2225,3753,2,974679480
2225,780,2,974679539
2225,3066,2,974679539
2225,2476,3,974679588
2225,466,3,974679588
2225,3441,3,974679588
2225,2402,2,974679588
2225,858,4,974679679
2225,260,5,974679679
2225,1221,5,974679679
2225,1198,5,974679679
2225,2571,3,974679708
2225,1240,4,974679708
2225,1036,4,974679708
2225,3310,4,974679708
2225,1387,4,974679763
2225,3404,4,974679763
2225,1291,5,974679763
2225,861,5,974679763
2225,1214,3,974679763
2225,457,4,974679763
2225,1201,3,974679763
2225,1953,2,974679801
2225,589,3,974679801
2225,1954,4,974679834
2225,3418,4,974679834
2225,2194,5,974679834
2225,2947,4,974679884
2225,2949,3,974679884
2225,1275,3,974679884
2225,2985,3,974679921
2225,1610,4,974679921
2225,3578,4,974679960
2225,1385,3,974679960
2225,1374,3,974679960
2225,2948,3,974679960
2225,2993,3,974679960
2225,474,3,974679991
2225,2916,3,974679991
2225,3624,4,974679991
2225,3256,3,974679991
2225,377,3,974679991
2225,2353,3,974679991
2225,1580,3,974680031
2225,2640,4,974680031
2225,592,3,974680031
2225,2403,4,974680031
2225,480,4,974680031
2225,1370,3,974680031
2225,2991,3,974680060
2225,1101,3,974680090
2225,112,4,974680090
2225,3555,3,974680090
2225,3527,4,974680142
2225,3635,3,974680142
2225,2763,3,974680142
2225,3763,3,974680142
2225,1858,3,974680142
2225,1356,4,974680142
2225,10,4,974680178
2225,2989,3,974680178
2225,1722,3,974680219
2225,2273,3,974680220
2225,3623,2,974680220
2225,3769,3,974680266
2225,3274,2,974680266
2225,2641,3,974680266
2225,95,2,974680297
2225,3639,3,974680297
2225,2617,2,974680329
2225,3107,2,974680329
2225,2490,4,974680358
2225,380,3,974680358
2225,1587,2,974680358
2225,3638,3,974680449
2225,292,4,974680449
2225,2370,3,974680449
2225,3020,3,974680449
2225,329,4,974680487
2225,2616,3,974680487
2225,1608,3,974680487
2225,3698,3,974680515
2225,2376,3,974680515
2225,2393,4,974680574
2225,2002,2,974680574
2225,736,3,974680574
2225,1762,2,974680574
2225,1876,2,974680623
2225,1544,3,974680623
2225,3764,2,974680651
2225,2410,2,974680651
2225,485,1,974680692
2225,1037,1,974680692
2225,1379,3,974680692
2225,1431,3,974680692
2225,849,2,974680692
2225,3841,1,974680728
2225,420,2,974680728
2225,737,1,974680781
2225,1100,2,974680905
2225,3257,3,974680905
2225,2404,1,974680905
2225,3510,4,979410611
2225,3793,4,979410647
2225,2073,4,979411137
2225,1223,3,979411200
2225,1269,4,979411200
2225,3088,4,979411251
2225,3421,4,979411251
2225,3751,3,979411335
2225,903,5,979411501
2225,913,4,979411501
2225,904,5,979411501
2225,3386,4,979411535
2225,2467,4,979411535
2225,2206,3,979411639
2225,1625,3,979411639
2225,931,3,979411662
2225,1092,3,979411686
2225,1892,3,979411686
2225,3706,3,979411686
2225,1732,3,979411718
2225,648,3,979411718
2225,1711,3,979411718
2225,1464,2,979411746
2324,3608,2,974433942
2324,1210,4,974433942
2324,2986,2,974433942
2324,3251,3,974433942
2324,2176,4,974433993
2324,3256,4,974433993
2324,902,4,974433993
2324,1894,2,974433993
2324,1225,4,974434246
2324,318,5,974434246
2324,527,5,974434275
2324,2019,5,974434275
2324,1207,5,974434275
2324,912,5,974434275
2324,3467,4,974434337
2324,2858,5,974434337
2324,1276,4,974434337
2324,3091,4,974434337
2324,923,5,974434337
2324,1217,5,974434364
2324,3468,4,974434364
2324,593,4,974434428
2324,1224,4,974434428
2324,1250,4,974434456
2324,2028,4,974434456
2324,908,5,974434497
2324,3196,4,974434497
2324,919,3,974434497
2324,41,4,974434497
2324,2324,4,974434572
2324,111,5,974434572
2324,1247,4,974434643
2324,308,4,974434643
2324,1193,5,974434643
2324,3735,4,974434643
2324,1952,4,974434672
2324,608,5,974434672
2324,1299,5,974434672
2324,1228,5,974434705
2324,306,4,974434705
2324,3362,3,974434750
2324,924,5,974434750
2324,1084,3,974434750
2324,2076,4,974434750
2324,1259,4,974434750
2324,1208,5,974434773
2324,1704,4,974434773
2324,2303,3,974434798
2324,778,4,974434798
2324,1103,4,974434798
2324,1090,5,974434816
2324,1097,3,974434842
2324,1950,5,974434842
2324,3068,4,974434842
2324,920,2,974434861
2324,1358,5,974434877
2324,235,4,974434907
2324,1300,4,974434907
2324,1293,4,974434907
2324,296,5,974435007
2324,1222,4,974435007
2324,2336,3,974435007
2324,1834,4,974435029
2324,2718,3,974435029
2324,1288,4,974435029
2324,1957,2,974435091
2324,3424,5,974435091
2324,3037,3,974435119
2324,954,5,974435119
2324,34,3,974435119
2324,3471,3,974435119
2394,912,4,974293589
2394,552,4,974293589
2394,1347,1,974293589
2394,356,5,974293625
2394,1569,3,974293625
2394,589,4,974354648
2394,1580,4,974354648
2394,2916,4,974354648
2394,2628,3,974354648
2394,1396,5,974354676
2394,1584,5,974354676
2394,480,5,974354676
2394,2706,5,974354852
2394,2572,4,974354852
2394,1127,5,974354852
2394,2683,3,974354875
2394,1270,5,974354977
2394,2918,5,974354977
2394,2000,4,974354977
2394,2804,3,974355007
2394,3715,2,974355007
2394,1197,5,974355007
2394,3868,3,974355007
2394,2716,3,974355047
2394,2174,3,974355047
2394,1394,4,974355047
2394,1220,3,974355047
2394,2791,3,974355047
2394,3526,2,974355081
2394,3039,4,974355081
2394,1663,4,974355109
2394,2915,4,974355109
2394,2081,4,974355109
2394,2406,4,974355109
2394,3501,5,974355141
2394,3210,3,974355141
2394,2011,4,974355141
2394,2301,3,974355141
2394,2746,4,974355190
2394,3685,4,974355190
2394,3591,4,974355190
2394,2470,4,974355190
2394,2006,4,974355254
2394,1356,4,974355254
2394,349,4,974355254
2394,733,5,974355254
2394,3175,5,974355288
2394,380,4,974355288
2394,10,5,974355288
2394,329,3,974355288
2394,1372,4,974355330
2394,648,2,974355330
2394,1552,4,974355353
2394,303,2,974355353
2394,434,4,974355383
2394,158,4,974355383
2557,2856,2,973989912
2557,25,3,973989933
2557,1617,4,973989995
2557,1216,2,973990010
2557,356,3,973990025
2557,3948,5,973990086
2557,2978,3,973990201
2557,665,5,973990233
2557,1111,3,973990341
2557,50,5,973990360
2557,1041,4,973990360
2557,1147,3,973990384
2557,1354,3,973990418
2557,296,5,973990418
2557,608,3,973990434
2557,593,3,973990459
2557,1236,5,973990488
2557,2959,2,973990506
2557,381,4,973990531
2557,306,4,973990545
2557,1089,5,973990572
2557,1466,4,973990572
2557,36,3,973990586
2557,1923,3,973990614
2557,2843,5,973990685
2557,1639,3,973990855
2557,308,4,973990903
2557,47,5,973990903
2557,1885,3,973990940
2557,2725,3,973990953
2557,123,3,973991003
2557,1175,4,973991003
2557,3260,3,973991019
2557,1183,3,973991042
2557,2571,2,973991042
2557,1249,1,973991066
2557,2677,5,973991066
2557,16,3,973991066
2557,319,3,973991139
2557,846,4,973991161
2557,778,5,973991179
2557,1407,1,973991242
2557,3176,3,973991297
2557,357,4,973991317
2557,1797,4,973991369
2557,2058,4,973991386
2557,2583,4,973991485
2557,1271,4,973991502
2557,480,1,973991518
2557,58,5,973991587
2557,509,4,973991613
2557,111,3,973991741
2557,1221,5,973991758
2557,1247,2,973991804
2557,3089,4,973991846
2557,501,3,973991915
2557,1280,4,974008008
2557,2858,4,974008044
2557,527,4,974447943
2642,2058,4,973565439
2642,2469,3,973565467
2642,1198,4,973565467
2642,1991,3,973565467
2642,2378,3,973565491
2642,1210,4,973565491
2642,3686,4,973565491
2642,3481,4,973565543
2642,3513,4,973565543
2642,3535,2,973565573
2642,3555,4,973565573
2642,3300,3,973565573
2642,3510,5,973565573
2642,3484,3,973565590
2642,3173,4,973565610
2642,3354,4,973565610
2642,3316,4,973565610
2642,2762,5,973565737
2642,50,5,973565765
2642,318,5,973565765
2642,2858,4,973565781
2642,1704,4,973565799
2642,2571,4,973565799
2642,2959,4,973565799
2642,2028,5,973565814
2642,1617,4,973565840
2642,608,3,973565840
2642,2329,4,973565858
2642,296,5,973565858
2642,3006,4,973565858
2642,1358,4,973565885
2642,1213,4,973565885
2642,589,4,973565910
2642,2890,4,973565938
2642,1610,4,973565938
2642,457,4,973565954
2642,47,4,973565954
2642,1625,5,973565968
2642,2268,4,973565993
2642,3105,4,973566008
2642,1694,3,973566028
2642,1393,4,973566028
2642,1500,4,973566028
2642,1094,3,973566044
2642,32,4,973566071
2642,356,4,973566071
2642,150,5,973566091
2642,733,5,973566091
2642,1584,5,973566091
2642,480,4,973566104
2642,628,5,973566173
2642,802,5,973566173
2642,1748,3,973566213
2642,1061,4,973566236
2642,2353,5,973566236
2642,3252,4,973566267
2691,858,5,973326905
2691,111,5,973326944
2691,1210,5,973326944
2691,1580,4,973326944
2691,742,1,973326944
2691,1701,3,973327142
2691,2997,5,973327142
2691,3462,4,973327196
2691,923,4,973327218
2691,1148,5,973327256
2691,3424,4,973327283
2691,750,5,973327283
2691,1387,5,973327283
2691,1252,5,973327283
2691,1221,5,973327321
2691,1207,5,973327321
2691,1198,5,973327321
2691,1949,4,973327321
2691,1250,5,973327321
2691,593,5,973327383
2691,296,5,973327383
2691,1089,5,973327383
2691,1617,5,973327424
2691,3083,5,973327424
2691,1,5,973327424
2691,1945,5,973327424
2691,541,5,973327424
2691,913,5,973327424
2691,1178,4,973327465
2691,1303,5,973327496
2691,1248,5,973327496
2691,1224,5,973327580
2691,608,5,973327580
2691,1259,5,973327599
2691,1213,5,973327599
2691,1214,5,973327623
2691,1208,5,973327623
2691,1276,5,973327644
2691,1233,5,973327644
2691,34,5,973327644
2691,3114,5,973327668
2691,50,5,973327668
2691,1247,5,973327807
2691,800,4,973327821
2691,1265,4,973327834
2691,924,5,973327848
2691,720,5,973327848
2691,1095,4,976387362
2691,1079,4,976387362
2691,2572,4,976387483
2691,1367,3,976387483
2691,2085,3,976387483
2691,2826,2,976387522
2691,1019,4,976387522
2691,2311,3,976387522
2691,1609,3,976387522
2691,999,4,976387522
2691,2731,5,976387545
2691,3153,4,976387584
2691,1459,3,976387624
2691,1127,5,976387624
2691,19,3,976387624
2691,344,4,976387624
2691,410,3,976387653
2691,2124,4,976387653
2691,3070,4,976387653
2691,2133,3,976387653
2691,345,4,976387704
2691,412,2,976387736
2691,1608,4,976387761
2691,413,3,976387761
2691,2791,3,976387761
2691,414,3,976387761
2691,1274,4,976387788
2691,588,5,976387788
2691,1200,5,976387870
2691,1320,3,976387870
2691,1032,3,976387870
2691,1690,3,976387870
2691,536,5,976387898
2691,1131,4,976387971
2691,1859,5,976387971
2691,1132,4,976388005
2691,1136,5,976388181
2691,1201,4,976388181
2691,903,5,976388181
2691,908,5,976388199
2691,2959,5,976388200
2691,2762,5,976388221
2691,2324,5,976388221
2691,1204,5,976388253
2691,2804,5,976388310
2691,1196,5,976388310
2691,1237,4,976388310
2691,3095,4,976388310
2691,1230,4,976388310
2691,260,5,976388338
2691,1193,5,976388370
2691,1206,5,976388370
2691,2858,5,976388370
2691,1348,4,976388425
2691,1287,4,976388425
2691,2700,5,976388465
2691,29,5,976388465
2691,1694,5,976388465
2691,1294,5,976388477
2691,1199,5,976388477
2691,1225,5,976388608
2691,1080,5,976388608
2691,2542,5,976388608
2691,912,5,976388656
2691,3152,4,976388656
2691,1354,5,976388656
2691,1242,5,976388707
2691,2692,5,976388707
2691,2761,5,976389064
2691,2571,5,976389064
2691,1197,5,976389064
2691,1228,5,976389064
2691,1278,5,976389089
2691,1219,5,976389144
2691,714,4,976389144
2691,1256,4,976389177
2691,2202,5,976389177
2691,2396,4,976389242
2691,223,5,976389242
2691,1266,4,976389242
2691,1293,5,976389242
2691,2890,5,976389333
2691,1243,5,976389427
2691,3160,5,976389427
2691,1090,5,976389427
2691,1291,5,976389477
2691,2686,4,976389529
2691,3213,4,976389557
2691,589,4,976389557
2691,551,5,976389679
2691,1704,4,976389679
2691,1240,4,976389757
2691,1222,5,976389804
2691,3481,5,976389804
2691,1253,5,976389838
2691,1358,5,976389838
2691,3093,5,976389838
2691,32,5,976390149
2691,3471,5,976390149
2691,1175,5,976390218
2691,2968,5,976390218
2691,1270,5,976390218
2691,3793,5,976390218
2691,1097,5,976390218
2691,2093,4,976390218
2691,1215,5,976390263
2691,1653,5,976390263
2691,3703,5,976390263
2691,1921,4,976390386
2691,1584,5,976390386
2691,2529,4,976390386
2691,2140,5,976390471
2691,2657,5,976390471
2691,3175,5,976390471
2691,1396,4,976390471
2691,3702,5,976390490
2691,1356,5,976390490
2691,1301,4,976390619
2691,2364,3,976390619
2691,1372,5,976390619
2691,2916,4,976390619
2691,1374,5,976390619
2691,1527,4,976390619
2691,3704,3,976390619
2691,1129,4,976390619
2691,2640,5,976390619
2691,1376,5,976390794
2691,480,5,976390794
2691,3300,4,976390794
2691,2116,4,976390794
2691,2407,4,976390820
2691,3863,5,976390820
2691,2046,5,976390820
2691,3745,5,976390820
2691,198,5,976390820
2691,1391,5,976391135
2691,968,5,976391135
2691,316,4,976391135
2691,2011,4,976391135
2691,3033,5,976391135
2691,1909,5,976391135
2691,2628,5,976391135
2691,2699,3,976391202
2691,1676,3,976391202
2691,76,4,976391202
2766,908,3,973126672
2766,1197,2,973126730
2766,1198,4,973126747
2766,260,5,973126774
2766,1721,5,973126826
2766,3624,4,973126943
2766,3408,3,973126955
2766,3513,3,973126975
2766,934,5,973127059
2766,3421,2,973127059
2766,2463,5,973127059
2766,3035,5,973127079
2766,1278,5,973127097
2766,1265,3,973127116
2766,1136,3,973127134
2766,1256,5,973127157
2766,2788,5,973127191
2766,2863,4,973127191
2766,3671,5,973127191
2766,2423,5,973127225
2766,1234,5,973127225
2766,1270,5,973127225
2766,3836,5,973127244
2766,3363,5,973127267
2766,3685,3,973127267
2766,1294,5,973127289
2766,1028,5,973127309
2766,3873,5,973127309
2766,3451,5,973127327
2766,1784,3,973127374
2766,539,4,973127374
2766,1078,3,973127374
2766,1460,3,973649753
2766,919,5,973649793
2766,969,4,973649854
2766,3114,5,973649871
2766,3196,5,973649945
2766,913,3,973649945
2766,1304,5,973649966
2766,1084,3,973649999
2766,920,4,973650050
2766,1262,5,973650050
2766,1250,4,973650050
2766,3471,5,973650066
2766,1,5,973650158
2766,364,5,973650182
2766,1097,4,973650182
2766,2018,5,973650287
2766,1196,5,973650287
2766,1231,5,973650415
2766,1247,5,973650415
2766,2080,4,973650415
2766,1022,4,973650431
2766,590,4,973650455
2766,2268,5,973650499
2766,2987,3,973650517
2766,1302,4,973650563
2766,953,5,973650563
2766,1957,3,973650563
2766,2797,5,973650625
2766,595,4,973650647
2766,3034,4,973650670
2766,2302,5,973650733
2766,2944,5,973650733
2766,1012,4,973650733
2766,924,5,973650733
2766,1073,4,973650815
2766,1029,4,973650855
2766,457,4,973650855
2766,3733,4,973650855
2766,2087,4,973650855
2766,594,5,973650872
2766,2770,4,973651015
2766,2355,4,973651035
2766,2688,3,973651161
2766,2716,5,973651175
2766,2526,3,973651264
2766,2013,4,973651293
2766,2724,4,973651331
2766,904,4,973888942
2766,318,5,973888991
2900,3360,3,971901701
2900,1721,4,971901701
2900,3869,4,971901701
2900,3004,3,971901744
2900,2723,3,971901744
2900,3148,4,971901813
2900,3481,5,971901813
2900,3354,2,971901813
2900,3160,5,971901813
2900,3301,3,971901882
2900,3452,5,971901882
2900,3173,4,971901882
2900,3316,3,971901898
2900,589,4,971901980
2900,608,5,971901980
2900,1259,3,971902012
2900,110,4,971902012
2900,1197,4,971902012
2900,2291,3,971902106
2900,3868,4,971902106
2900,1090,4,971902126
2900,1215,5,971902126
2900,2455,2,971902145
2900,2657,2,971902145
2900,1580,4,971902177
2900,2355,4,971902177
2900,480,4,971902196
2900,524,5,971902226
2900,3263,5,971902226
2900,481,5,971902226
2900,70,5,971902257
2900,3450,4,971902257
2900,3,3,971902282
2900,370,4,971902319
2900,2668,2,971902346
2900,3923,2,971902346
2900,804,4,971902373
2900,3840,2,971902415
2900,260,5,971902744
2900,1387,4,971902744
2900,1196,5,971902744
2900,1198,5,971902744
2900,1221,5,971902744
2900,858,5,971902744
2900,2028,5,971902779
2900,2571,5,971902811
2900,1610,5,971902811
2900,3578,5,971902811
2900,1291,5,971902811
2900,1036,4,971902811
2900,2692,5,971902833
2900,1127,4,971902833
2900,2278,4,971902867
2900,1210,5,971902867
2900,1220,4,971902867
2900,2947,5,971902867
2900,2000,4,971902897
2900,592,5,971902897
2900,6,4,971902897
2900,3527,5,971902940
2900,2916,3,971902940
2900,3793,5,971902967
2900,555,5,971902967
2900,2353,4,971902967
2900,1954,4,971902967
2900,2985,3,971903034
2900,733,4,971903034
2900,1275,3,971903034
2900,1573,4,971903034
2900,112,3,971903077
2900,2427,5,971903077
2900,1858,3,971903077
2900,1370,3,971903077
2900,377,4,971903077
2900,163,5,971903077
2900,2490,4,971903077
2900,2763,4,971903101
2900,2115,5,971903101
2900,380,4,971903101
2900,2023,5,971903122
2900,648,4,971903122
2900,2167,5,971903122
2900,198,5,971903155
2900,2273,3,971903156
2900,2628,3,971903156
2900,610,2,971903156
2900,2006,3,971903156
2900,2414,4,971903172
2900,1101,5,971903193
2900,1676,4,971903193
2900,1552,3,971903212
2900,2193,3,971903234
2900,353,5,971903234
2900,1385,3,971903252
2900,2617,4,971903277
2900,2105,4,971903310
2900,1391,4,971903310
2900,1597,4,971903343
2900,1378,5,971903343
2900,996,5,971903343
2900,2881,3,971903373
2900,780,5,971903373
2900,2616,3,971903373
2900,3020,5,971903373
2900,736,3,971903373
2900,2722,3,971903392
2900,517,4,971903424
2900,3697,3,971903424
2900,466,2,971903424
2900,786,3,971903481
2900,2409,4,971903506
2900,95,3,971903534
2900,2735,4,971903534
2900,3444,4,971903534
2900,170,5,971903561
2900,1037,3,971903561
2900,3698,3,971903561
2900,2815,3,971903561
2900,2402,4,971903581
2900,153,3,971903587
2900,1431,3,971903615
2900,485,3,971903615
2900,2322,2,971903616
2900,2410,5,971903616
2900,1388,3,971903636
2900,44,4,971903636
2900,1382,3,971903636
2900,420,3,971903687
2900,2421,3,971903687
2900,1590,3,971903687
2900,1591,4,971903806
2900,1556,2,971903842
2900,2816,2,971903877
2900,2412,3,971903877
2900,667,2,971903877
2900,2404,3,971903923
2900,2986,3,971903923
2900,2253,3,971903923
2900,1562,2,971904004
2900,737,2,971904004
2900,2568,3,971904101
2900,393,2,971904101
2900,2324,5,971904185
2900,2997,5,971904185
2900,2858,5,971904212
2900,2804,3,971904212
2900,1136,4,971904212
2900,3114,4,971904212
2900,1,3,971904246
2900,1265,5,971904277
2900,2396,5,971904277
2900,2918,5,971904277
2900,1230,3,971904306
2900,2791,5,971904472
2900,3421,5,971904472
2900,2716,5,971904487
2900,1307,4,971904506
2900,2282,3,971904539
2900,176,5,971904539
2900,1234,5,971904539
2900,3882,3,971904584
2900,1261,5,971904584
2900,3363,4,971904598
2900,3361,5,971904624
2900,1968,5,971904624
2900,2174,4,971904624
2900,1288,5,971904649
2900,1500,5,971904649
2900,1255,2,971904649
2900,1172,5,971904676
2900,2321,5,971904676
2900,2108,4,971904676
2900,1923,5,971904698
2900,39,4,971904698
2900,1517,5,971904698
2900,3052,5,971904714
2900,1270,4,971908355
2900,924,3,971908355
2900,541,4,971908355
2900,750,3,971908355
2900,29,5,971908378
2900,1206,5,971908378
2900,32,5,971908378
2900,2010,3,971908398
2900,1097,4,971908418
2900,1748,5,971908418
2900,1019,3,971908418
2900,3175,4,971908436
2900,1653,5,971908460
2900,2011,3,971908493
2900,1527,5,971908493
2900,3033,3,971908528
2900,2046,3,971908566
2900,2012,3,971908582
2900,185,3,971908601
2900,788,3,971908601
2900,1205,3,971908601
2900,674,2,971908641
2900,2054,3,971908667
2900,2672,4,971908667
2900,2450,2,971908681
2900,880,2,971908722
2900,258,3,971908755
2900,188,5,971908791
2900,678,5,971908866
2900,318,5,971908866
2900,50,5,971908866
2900,296,5,971908901
2900,593,5,971908901
2900,1617,5,971908901
2900,1213,5,971908949
2900,1104,5,971908975
2900,1361,3,971909006
2900,912,5,971909006
2900,923,5,971909019
2900,913,5,971909067
2900,1089,5,971909067
2900,73,5,971909067
2900,1704,5,971909083
2900,1247,5,971909102
2900,1358,5,971909102
2900,2959,5,971909133
2900,2762,5,971909133
2900,1208,5,971909199
2900,1625,5,971909222
2900,778,5,971909261
2900,1694,3,971909303
2900,3098,4,971909303
2900,223,5,971909331
2900,919,5,971909398
2900,1673,5,971909398
2900,1957,3,971909434
2900,553,5,971909434
2900,2542,4,971909434
2900,1961,5,971909513
2900,1639,5,971909513
2900,3147,5,971909546
2900,2890,5,971909591
2929,165,2,971548718
2929,2291,4,971548718
2929,3072,3,971548718
2929,780,3,971548718
2929,3398,3,971548741
2929,858,5,971548741
2929,1252,5,971548741
2929,3785,1,971548806
2929,1483,3,971548825
2929,2589,2,971548927
2929,1247,5,971548967
2929,1193,5,971548997
2929,1387,4,971549021
2929,3668,5,971549054
2929,535,5,971549207
2929,2289,5,971549230
2929,2395,5,971549264
2929,1120,5,971549308
2929,590,5,971549331
2929,2858,5,971549351
2929,2108,5,971549374
2929,1617,5,971549396
2929,1214,5,971549427
2929,1200,5,971549427
2929,2571,5,971549463
2929,207,2,971549504
2929,1721,4,971549536
2929,2248,5,971549567
2929,3396,4,971549956
2929,1136,5,971550108
2929,1288,5,971550138
2929,1230,5,971550138
2929,2997,5,971550138
2929,2396,5,971550157
2929,1172,5,971550178
2929,2700,4,971550178
2929,2804,4,971550218
2929,1235,4,971550218
2929,1278,4,971550218
2929,1641,4,971550218
2929,1294,5,971550241
2929,2064,5,971550290
2929,1304,5,971550290
2929,1394,4,971550310
2929,1307,4,971550359
2929,1259,4,971550380
2929,1197,5,971550380
2929,1265,4,971550401
2929,2716,5,971550439
2929,348,3,971550461
2929,1285,4,971550485
2929,3868,4,971550485
2929,3809,4,971550485
2929,1747,5,971550525
2929,2918,5,971550525
2929,223,4,971550543
2929,1699,4,971550599
2929,3052,3,971550654
2929,480,4,971550688
2929,2916,4,971550688
2929,1215,4,971550688
2929,29,4,971550688
2929,733,4,971550708
2929,1580,4,971550708
2929,2046,3,971550730
2929,1615,4,971550730
2929,380,3,971550749
2929,1049,4,971550749
2929,2791,4,971588308
2929,1320,3,971588308
2929,2788,4,971588308
2929,1784,4,971588308
2929,1220,4,971588332
2929,1241,4,971588332
2929,2243,4,971588332
2929,2352,4,971588333
2929,3671,4,971588333
2929,441,4,971588355
2929,349,3,971588355
2929,3424,4,971588355
2929,2959,4,971588378
2929,235,3,971588378
2929,2275,3,971588467
2929,1188,3,971588467
2929,1449,4,971588578
2929,3476,4,971588630
2929,3499,4,971588630
2929,2159,4,971588630
2929,735,4,971588630
2929,1407,4,971588630
2929,1339,4,971588668
2929,1645,4,971588668
2929,426,2,971588668
2929,565,4,971588668
2929,3264,5,971588669
2929,3081,4,971588669
2929,407,3,971588699
2929,330,2,971588699
2929,2710,5,971588699
2929,2004,3,971588699
2929,2898,4,971588725
2929,196,2,971588760
2929,842,3,971588760
2929,3709,3,971588760
2929,1690,3,971588760
2929,273,3,971588782
2929,1644,3,971588782
2929,1999,3,971588782
2929,1992,3,971588815
2929,2462,1,971588839
2929,1891,3,971588894
2929,1261,5,971588937
2929,1994,4,971588937
2929,2746,4,971588937
2929,3018,5,971588937
2929,1255,4,971588937
2929,1258,5,971588937
2929,1347,5,971588970
2929,1321,5,971588970
2929,2003,5,971588970
2929,2455,5,971588970
2929,3016,2,971588970
2929,1130,4,971589000
2929,1991,4,971589001
2929,3550,3,971589001
2929,2517,4,971589001
2929,1974,4,971589001
2929,1128,3,971589034
2929,3693,4,971589034
2929,1970,4,971589034
2929,2513,3,971589034
2929,1971,3,971589057
2929,2717,4,971589057
2929,1330,2,971589057
2929,1983,3,971589080
2929,1969,3,971589080
2929,1972,3,971589080
2929,3843,2,971589147
2929,1979,2,971589147
2929,1980,2,971589147
2929,1978,2,971589147
2929,1389,1,971589168
2929,1981,2,971589168
2929,2657,5,971589221
2929,1345,5,971589221
2929,1997,5,971589221
2929,2459,5,971589221
2929,3676,5,971589221
2929,1350,5,971589221
2929,1982,5,971589221
2929,2160,5,971589277
2929,1219,5,971589277
2929,968,5,971589277
2929,2519,4,971589327
2929,3930,4,971589327
2929,2664,4,971589327
2929,2454,4,971589327
2929,2781,4,971589327
2929,1334,4,971589327
2929,1584,5,971589399
2929,589,5,971589399
2929,1396,3,971589399
2929,1175,4,971589399
2929,1653,4,971589434
2929,1573,4,971589434
2929,2699,4,971589434
2929,198,3,971589434
2929,1676,4,971589788
2929,316,3,971589812
2929,1391,4,971589812
2929,1603,3,971589812
2929,1037,3,971589833
2929,435,3,971589833
2929,2012,4,971589833
2929,1544,3,971589860
2929,1779,3,971589860
2929,849,3,971589880
2929,2986,3,971589908
2929,2701,2,971589908
2929,173,2,971589908
2929,327,3,971589927
2929,160,2,971589927
2929,1196,5,971589989
2929,260,5,971589989
2929,541,5,971589989
2929,2010,5,971589989
2929,924,5,971589989
2929,1270,5,971589989
2929,750,5,971589989
2929,3471,5,971590186
2929,1199,5,971590186
2929,1240,5,971590186
2929,1206,5,971590186
2929,1210,5,971590186
2929,1097,5,971590221
2929,2529,5,971590221
2929,3703,4,971590221
2929,2287,4,971590247
2929,1127,5,971590247
2929,3702,5,971590247
2929,1129,3,971590272
2929,1965,3,971590272
2929,1019,4,971590294
2929,3527,5,971590294
2929,2985,4,971590294
2929,2640,4,971590318
2929,2011,4,971590318
2929,2407,4,971590343
2929,3033,4,971590343
2929,3704,4,971590343
2929,2093,2,971590369
2929,678,5,971590435
2929,923,5,971590472
2929,318,5,971590492
2929,527,5,971590512
2929,1225,5,971590512
2929,608,5,971590539
2929,1221,5,971590561
2929,593,5,971590561
2929,3504,5,971590598
2929,2028,5,971590598
2929,908,5,971590598
2929,912,5,971590627
2929,1208,4,971590627
2929,1213,5,971590627
2929,111,5,971590627
2929,446,4,971590652
2929,1104,5,971590652
2929,1095,4,971590652
2929,1228,4,971590679
2929,1411,4,971590679
2929,296,5,971590679
2929,800,4,971590679
2929,1242,4,971590679
2929,2020,4,971590712
2929,3089,5,971590712
2929,919,5,971590712
2929,1243,4,971590728
2929,3362,4,971590752
2929,2324,5,971590752
2929,1635,4,971590775
2929,1358,5,971590810
2929,337,4,971590810
2929,3741,4,971590810
2929,1357,5,971590828
2929,1090,4,971590844
2929,1084,5,971590859
2929,1222,4,971590874
2929,1945,5,971590893
2929,36,4,971590893
2929,1941,5,971590918
2929,1719,5,971590918
2929,2872,4,971590918
2929,1263,4,971590939
2929,3543,4,971590939
2929,866,4,971590958
2929,1704,4,971590986
2929,150,4,971590986
2929,3108,4,971590986
2929,1968,5,971591006
2929,1277,5,971591026
2929,110,5,971591026
2929,920,5,971591058
2929,1961,4,971591081
2929,1060,4,971591098
2929,1633,5,971591123
2929,3105,4,971591124
2929,1639,5,971591141
2929,1393,4,971591141
2929,3271,4,971591172
2929,1834,4,971591207
2929,1674,4,971591207
2929,3168,4,971591207
2929,1082,4,971591251
2929,3418,4,971591271
2929,2712,4,971591291
2929,1729,3,971591291
2929,25,5,971591307
2929,2076,4,971591344
2929,2000,4,971591344
2929,1962,4,971591363
2929,1954,5,971591363
2929,1302,4,971591386
2929,1246,5,971591402
2929,1227,4,971591439
2929,2427,4,971591439
2929,1648,4,971591460
2929,3174,4,971591497
2929,1094,4,971591517
3079,3101,2,969814560
3079,954,4,969814560
3079,2012,1,969814580
3079,1961,2,969814580
3079,593,4,969814741
3079,2966,4,969814741
3079,2908,5,969814775
3079,3006,5,969814775
3079,2289,5,969814775
3079,2858,4,969814793
3079,265,5,969814813
3079,3418,4,969814828
3079,800,5,969814848
3079,1719,5,969814848
3079,994,4,969814872
3079,32,3,969814896
3079,2674,1,969814896
3079,3150,3,969814896
3079,1358,4,969814913
3079,1094,4,969814932
3079,25,2,969814947
3079,3250,2,969814961
3079,2324,4,969814999
3079,2282,4,969814999
3079,3160,4,969814999
3079,2997,3,969815050
3079,2599,4,969815081
3079,2396,4,969815081
3079,1265,5,969815081
3079,1188,4,969815097
3079,562,5,969815123
3079,2700,4,969815143
3079,39,4,969815143
3079,1449,4,969815143
3079,1883,3,969815143
3079,1916,3,969815164
3079,342,4,969815164
3079,357,2,969815164
3079,1635,5,979072969
3079,2575,4,979072969
3079,2611,3,979073021
3079,3751,4,979073207
3079,3787,4,979073237
3079,3618,2,979073237
3079,3863,3,979073237
3079,3785,3,979073237
3079,3755,2,979073237
3079,3578,5,979078939
3079,1997,4,979078939
3079,2625,4,979079133
3079,858,5,979079261
3079,2692,4,979079261
3079,1214,5,979079295
3079,260,5,979079295
3079,1240,5,979079311
3079,1242,3,979079311
3079,1197,5,979079311
3079,457,4,979079326
3079,2028,4,979079326
3079,2571,4,979079343
3079,1222,4,979079343
3079,1387,5,979079343
3079,2912,2,979079360
3079,1036,3,979079409
3079,1954,4,979079409
3079,1210,4,979079409
3079,474,3,979079421
3079,2743,5,979079583
3263,527,3,968216317
3263,329,3,968216317
3263,2068,3,968216317
3263,2312,3,968216357
3263,2054,3,968216357
3263,2921,4,968216357
3263,902,3,968216357
3263,1334,4,968216357
3263,1204,4,968216448
3263,1925,4,968216448
3263,1299,3,968216448
3263,2670,5,968216448
3263,3196,4,968216488
3263,897,2,968216488
3263,1262,4,968216488
3263,750,3,968216488
3263,1944,4,968216488
3263,1927,4,968216517
3263,1233,5,968216517
3263,1250,5,968216517
3263,3811,5,968216517
3263,2944,4,968216602
3263,1196,3,968216602
3263,1408,4,968216602
3263,3035,4,968216602
3263,3545,4,968216602
3263,3406,4,968216602
3263,1178,3,968216602
3263,1936,4,968216626
3263,969,4,968216626
3263,1294,3,968216626
3263,2028,4,968216678
3263,161,5,968216678
3263,2890,3,968216678
3263,3366,4,968216678
3263,2067,4,968216678
3263,3448,3,968216705
3263,1200,2,968216705
3263,2106,4,968216767
3263,1210,4,968216767
3263,151,5,968216767
3263,3066,5,968216767
3263,3585,4,968216767
3263,3643,4,968216806
3263,356,3,968216806
3263,1676,2,968216844
3263,3519,4,968216844
3263,2815,4,968216844
3263,3441,4,968216844
3263,3367,5,968216872
3263,2476,4,968216872
3263,780,4,968216872
3263,3653,4,968217036
3263,110,5,968217115
3263,2344,4,968217115
3263,260,5,968217115
3263,1387,4,968217171
3263,1304,4,968217171
3263,940,3,968217171
3263,3654,5,968217171
3263,457,4,968217171
3263,1198,5,968217171
3263,1287,4,968217224
3263,1220,5,968217224
3263,3702,5,968217224
3263,1954,3,968217224
3263,1275,4,968217224
3263,1214,4,968217224
3263,3624,3,968217298
3263,2947,4,968217298
3263,1242,5,968217298
3263,3062,5,968217298
3263,1222,3,968217348
3263,3763,4,968217348
3263,1036,5,968217348
3263,2949,4,968217348
3263,1610,5,968217348
3263,1240,5,968217348
3263,2000,4,968217397
3263,2366,3,968217428
3263,2194,3,968217428
3263,589,4,968217428
3263,474,4,968217454
3263,2948,5,968217454
3263,1580,5,968217475
3263,3639,3,968217504
3263,21,4,968217504
3263,1129,5,968217504
3263,3527,2,968217504
3263,1201,5,968217504
3289,2518,3,968092950
3289,205,3,968092950
3289,3685,4,968092950
3289,260,4,968092950
3289,3654,4,968092950
3289,3870,4,968093435
3289,3872,4,968093435
3289,3873,2,968093435
3289,3871,3,968093435
3289,3865,3,968093459
3289,3841,2,968093529
3289,3846,3,968093529
3289,3844,4,968093529
3289,3836,4,968093562
3289,3831,4,968093562
3289,3826,4,968093600
3289,3827,4,968093600
3289,3821,2,968093600
3289,3825,4,968093600
3289,3809,3,968093646
3289,3814,4,968093646
3289,3811,4,968093646
3289,3810,3,968093646
3289,3802,2,968093694
3289,3804,1,968093694
3289,3801,4,968093694
3289,3808,4,968093695
3289,3806,2,968093695
3289,3807,3,968093695
3289,3789,4,968093748
3289,3795,3,968093749
3289,3791,3,968093749
3289,3793,4,968093749
3289,3798,3,968093749
3289,3796,3,968093749
3289,3797,3,968093749
3289,3792,4,968093749
3289,3790,2,968093749
3289,1203,5,968093818
3289,3420,5,968093818
3289,1019,4,968093855
3289,2826,3,968093855
3289,924,4,968093855
3289,2188,3,968093936
3289,408,4,968093980
3289,2262,4,968093980
3289,2505,4,968093980
3289,3252,5,968094013
3289,1250,5,968094083
3289,750,5,968094083
3289,1262,5,968094083
3289,1204,5,968094083
3289,912,5,968094083
3289,527,5,968094083
3289,2944,5,968094144
3289,2028,5,968094144
3289,3196,5,968094144
3289,969,5,968094144
3289,1196,5,968094144
3289,1927,5,968094144
3334,597,5,967843399
3334,1031,5,967843433
3334,2163,3,967843434
3334,2028,5,967843434
3334,593,5,967843463
3334,457,4,967843463
3334,3125,4,967843596
3334,3160,4,967843608
3334,2858,4,967843627
3334,608,4,967843654
3334,34,5,967843654
3334,2692,4,967843676
3334,50,4,967843697
3334,235,4,967843719
3334,2908,3,967843719
3334,3105,5,967843749
3334,1704,5,967843749
3334,2336,5,967843775
3334,1682,4,967843775
3334,2762,5,967843775
3334,32,1,967843796
3334,381,5,967843796
3334,2599,3,967843821
3334,1721,5,967843821
3334,480,5,967843851
3334,1784,5,967843851
3334,1094,4,967843851
3334,2571,5,967843851
3334,3246,3,967843851
3334,2844,3,967843880
3334,361,3,967843880
3334,1044,3,967843880
3334,266,5,967843900
3334,1015,4,967843900
3334,539,4,967843922
3334,43,3,967843967
3334,1358,5,967843967
3334,595,5,967843967
3334,1408,3,967843967
3334,364,5,967843967
3334,344,3,967843967
3334,7,4,967843967
3334,161,4,967843967
3334,1466,3,967843997
3334,3180,3,967843997
3334,3476,5,967843997
3334,2961,3,967843997
3334,150,4,967844019
3334,1610,4,967844019
3334,3418,4,967844019
3334,47,5,967844051
3334,1912,3,967844051
3334,2997,3,967844051
3334,380,4,967844051
3334,431,3,967844051
3334,3100,5,967844078
3334,2268,5,967844107
3334,2890,2,967844107
3334,2071,5,967844107
3334,778,4,967844107
3334,356,5,967844144
3334,3147,5,967844144
3334,647,3,967844179
3334,1584,3,967844179
3334,25,5,967844224
3334,1673,4,967844224
3334,2291,4,967844224
3334,2025,3,967844224
3334,1694,3,967844252
3334,1569,4,967844252
3334,6,2,967844280
3334,1343,4,967844280
3334,2772,3,967844280
3334,524,4,967844280
3334,1883,2,967844305
3334,1393,5,967844305
3334,1061,3,967844305
3334,1370,3,967844328
3334,3259,2,967844328
3334,288,2,967844358
3370,1204,5,967606527
3370,1210,4,967606527
3370,2404,2,967606548
3370,1968,3,967606548
3370,1197,4,967606583
3370,2085,3,967606583
3370,3477,3,967606657
3370,1196,5,967606693
3370,2028,3,967606812
3370,858,4,967606812
3370,1198,3,967606812
3370,260,4,967606812
3370,1242,2,967606840
3370,110,4,967606840
3370,1221,5,967606840
3370,2571,4,967606871
3370,969,4,967606871
3370,1387,2,967606871
3370,1240,2,967606871
3370,2944,3,967606904
3370,589,3,967606904
3370,1954,2,967606904
3370,457,3,967606926
3370,1912,4,967606926
3370,1036,2,967606961
3370,1610,4,967606961
3370,2288,1,967606961
3370,2948,3,967606961
3370,2993,4,967606961
3370,3418,1,967606987
3370,1220,4,967606987
3370,2193,1,967607021
3370,1408,4,967607021
3370,2000,3,967607021
3370,3763,2,967607021
3370,3527,4,967607021
3370,1222,4,967607048
3370,2278,1,967607069
3370,480,3,967607069
3370,2115,3,967607095
3370,6,5,967607095
3370,3635,4,967607095
3370,1580,1,967607117
3370,1374,4,967607117
3370,1573,2,967607117
3370,733,4,967607141
3370,2640,1,967607141
3370,10,3,967607165
3370,349,3,967607165
3370,2990,1,967607165
3370,380,3,967607188
3370,2989,3,967607188
3370,1101,4,967607226
3370,2985,2,967607226
3370,1608,2,967607226
3370,1370,1,967607226
3370,1356,4,967607226
3370,924,4,967607289
3370,1232,5,967607289
3370,541,5,967607289
3370,671,4,967607328
3370,32,5,967607328
3370,1097,2,967607352
3370,2916,2,967607384
3370,1921,4,967607384
3370,1584,3,967607384
3370,2116,4,967607384
3370,1129,1,967607413
3370,3699,2,967607413
3370,1653,5,967607413
3370,1396,2,967607413
3370,3033,3,967607435
3370,1909,5,967607435
3370,1376,4,967607435
3370,1375,3,967607456
3370,2628,2,967607484
3370,2105,4,967607501
3370,1247,4,967607568
3370,912,5,967607568
3370,1172,3,967607588
3370,296,5,967607638
3370,50,5,967607671
3370,608,5,967607671
3370,1617,5,967607671
3370,1089,4,967607695
3370,1213,4,967607695
3370,2580,1,967607695
3370,3334,5,967607736
3370,1420,5,967607781
3370,2064,4,967607823
3370,1073,5,967607877
3370,2174,3,967607877
3370,367,1,967607877
3370,2161,1,967607908
3370,2622,4,967607908
3370,2005,3,967607908
3370,2100,3,967607908
3370,3438,3,967607945
3370,1967,4,967607945
3370,317,2,967607945
3370,2015,2,967607945
3370,788,3,967607945
3370,2054,2,967607945
3370,2,3,967607969
3370,810,1,967608006
3370,3440,2,967608006
3370,2858,5,967608066
3370,1276,5,967608141
3370,1394,4,967608141
3370,3421,2,967608189
3370,1288,5,967608189
3370,1136,5,967608189
3370,2395,5,967608257
3370,1080,3,967608257
3370,3868,2,967608257
3370,1235,3,967608257
3370,1294,4,967608257
3370,1285,4,967608294
3370,1,4,967608294
3370,1732,5,967608342
3370,3181,5,967608414
3370,527,3,967608448
3370,2761,4,967608480
3370,2762,4,967608498
3370,25,3,967608523
3370,265,3,967608523
3370,307,5,967608542
3370,2318,2,967608567
3370,306,5,967608567
3370,34,2,967608592
3370,3114,3,967608592
3370,1095,4,967608611
3370,293,3,967608650
3370,1358,4,967608650
3370,2336,4,967608650
3370,2324,5,967608684
3370,1265,3,967608684
3370,3147,4,967608684
3370,1639,4,967608712
3370,308,5,967608741
3370,223,5,967608741
3370,1625,4,967608741
3370,1284,5,967608804
3370,913,5,967608804
3370,2987,2,967608836
3370,1266,4,967608889
3370,3871,3,967608889
3370,553,5,967608938
3370,590,3,967608938
3370,2401,4,967608939
3370,3494,4,967609007
3370,303,2,967609007
3370,368,4,967609007
3370,2478,4,967609007
3370,1378,2,967609007
3370,2016,3,967609038
3370,1379,2,967609038
3370,1007,3,967609038
3425,110,5,967350833
3425,1488,3,967350833
3425,589,3,967350884
3425,1270,4,967350884
3425,2492,3,967351046
3425,2706,2,967351046
3425,1127,3,967351046
3425,2707,4,967351085
3425,2997,5,967351085
3425,2694,3,967351109
3425,2976,2,967351109
3425,3298,3,967351109
3425,223,2,967351128
3425,2433,3,967351128
3425,3543,5,967351146
3425,2541,1,967351146
3425,2599,5,967351165
3425,3408,3,967351182
3425,2959,5,967351182
3425,2712,5,967351182
3425,2716,4,967351201
3425,2580,4,967351231
3425,2318,2,967351231
3425,785,4,967351247
3425,3160,5,967351265
3425,3174,3,967351265
3425,2723,3,967351285
3425,2502,4,967351307
3425,3219,2,967351307
3425,1513,3,967351346
3425,2395,5,967351346
3425,2762,4,967351365
3425,3081,4,967351380
3425,2070,5,967351400
3425,3176,2,967351401
3425,86,3,967351419
3425,2701,1,967351419
3425,2987,4,967351419
3425,1649,5,967351506
3425,2858,5,967351828
3425,1265,5,967351837
3425,441,4,967351861
3425,235,5,967351884
3425,1392,4,967351884
3425,2542,5,967351885
3425,1827,4,967351885
3425,514,3,967351907
3425,1500,3,967351907
3425,39,3,967351907
3425,3253,4,967351926
3425,357,3,967351926
3425,1923,5,967351954
3425,3358,5,967351954
3425,1414,4,967351954
3425,2321,4,967351954
3425,3809,5,967351972
3425,588,4,967351972
3425,1617,5,967352024
3425,1783,2,967352024
3425,164,5,967352024
3425,3683,5,967352047
3425,1252,5,967352071
3425,2186,4,967352086
3425,2692,4,967352150
3425,1213,5,967352150
3425,1089,5,967352150
3425,50,5,967352150
3425,1912,5,967352150
3425,608,5,967352150
3425,2268,5,967352182
3425,866,4,967352182
3425,2391,5,967352182
3425,2912,5,967352182
3425,293,5,967352182
3425,47,5,967352182
3425,1466,4,967352182
3425,296,5,967352182
3425,1589,4,967352220
3425,1732,5,967352220
3425,431,5,967352220
3425,1729,4,967352220
3425,555,5,967352220
3425,1472,3,967352220
3425,6,4,967352251
3425,2280,4,967352251
3425,22,3,967352251
3425,1805,4,967352284
3425,367,3,967352284
3425,1711,4,967352284
3425,1034,3,967352284
3425,2023,3,967352284
3425,1061,4,967352284
3425,2112,3,967352285
3425,198,3,967352338
3425,2231,4,967352338
3425,3266,5,967352338
3425,1377,3,967352338
3425,70,3,967352338
3425,1447,3,967352338
3425,3730,5,967352476
3425,924,5,967352476
3425,2076,4,967352493
3425,800,5,967352493
3425,3386,4,967352508
3425,1625,5,967352508
3425,1221,5,967352623
3425,1198,5,967352623
3425,858,5,967352623
3425,1196,5,967352623
3425,1214,4,967352623
3425,1304,5,967352642
3425,1242,5,967352642
3425,1197,5,967352642
3425,1953,5,967352656
3425,1222,5,967352656
3425,1916,5,967352656
3425,2028,5,967352656
3425,1291,4,967352675
3425,1240,4,967352675
3425,1610,4,967352690
3425,1036,5,967352690
3425,457,5,967352716
3425,2571,4,967352716
3425,2194,5,967352716
3425,592,5,967352716
3425,474,3,967352730
3425,2000,4,967352730
3425,3527,2,967352751
3425,3104,5,967352751
3425,3418,4,967352751
3425,1250,5,967352823
3425,260,5,967352871
3425,3362,5,967352871
3425,111,5,967352871
3425,1193,5,967352871
3425,1136,5,967352871
3425,1263,5,967352887
3425,1208,5,967352887
3425,1228,5,967352919
3425,2804,5,967352919
3425,1225,5,967352919
3425,3074,5,967353110
3425,1266,5,967353128
3425,599,5,967353128
3425,3508,5,967353128
3425,1189,5,967353261
3425,2064,5,967353261
3425,3129,5,967353302
3425,3616,1,967353351
3425,3755,3,967363626
3425,1097,5,967363680
3425,2797,5,967363680
3425,1073,5,967363685
3425,2174,4,967363693
3425,1967,2,967363711
3425,2005,5,967363711
3425,2161,2,967363734
3425,2015,2,967363734
3425,788,3,967363734
3425,2054,3,967363734
3425,593,5,967363814
3425,908,4,967363815
3425,1219,4,967363815
3425,1358,5,967363832
3425,319,4,967363864
3425,3728,4,967363864
3425,2819,3,967363864
3425,3551,4,967363884
3425,373,4,967363884
3425,628,3,967363884
3425,3101,3,967363899
3425,1994,3,967363923
3425,1834,5,967363923
3425,1343,4,967363923
3425,1845,5,967363923
3425,2267,2,967363946
3425,1921,4,967363946
3425,16,4,967363961
3425,1653,4,967363961
3425,1674,5,967363974
3425,1407,3,967363994
3425,2916,4,967363994
3425,3505,4,967363994
3425,454,4,967363994
3425,2058,4,967363994
3425,2273,2,967364010
3425,3044,3,967364010
3425,230,4,967364032
3425,733,3,967364032
3425,543,4,967364048
3425,2353,3,967364048
3425,1909,3,967364065
3425,1754,4,967364073
3425,490,4,967364093
3425,18,3,967364093
3425,1370,4,967364093
3425,377,2,967364093
3425,731,3,967364112
3425,832,3,967364112
3425,3102,3,967364112
3425,627,3,967364112
3425,1608,2,967364124
3425,353,2,967364142
3425,587,3,967364142
3425,292,2,967364157
3425,1597,3,967364157
3425,1717,1,967364172
3425,350,1,967364172
3425,1422,1,967364212
3425,165,3,967364212
3425,257,2,967364212
3425,494,3,967364212
3425,521,4,967364235
3425,662,2,967364241
3425,288,3,967364274
3425,2803,2,967364274
3425,3529,4,967364274
3425,3557,2,967364274
3425,1841,3,967364274
3425,259,4,967364292
3425,2320,2,967364292
3425,436,1,967364309
3425,3249,2,967364309
3425,1352,4,967364309
3425,786,1,967364333
3425,1917,3,967364333
3425,3257,1,967364358
3425,338,2,967364358
3425,3273,1,967364358
3425,782,2,967364398
3425,836,1,967364398
3425,1544,1,967364398
3425,185,2,967364423
3425,2126,1,967364423
3425,170,2,967364423
3425,748,2,967364423
3425,849,2,967364423
3425,1479,1,967364439
3425,1687,2,967364439
3425,1515,2,967364496
3425,1831,1,967364496
3425,1644,1,967364496
3425,798,1,967364496
3425,1499,1,967364496
3425,2505,1,967364496
3425,2389,3,967364514
3425,2026,1,967364514
3425,540,1,967364514
3425,132,3,967364530
3425,1626,1,967364546
3425,839,1,967364546
3425,880,3,967364546
3425,882,4,967364563
3425,2338,1,967364563
3425,1004,1,967364563
3425,1394,5,967364703
3425,3361,5,967364732
3425,1288,5,967364732
3425,1079,5,967364732
3425,1259,5,967364732
3425,1273,4,967364753
3425,2248,4,967364753
3425,1968,3,967364753
3425,3868,4,967364753
3425,2791,4,967364753
3425,2918,4,967364753
3425,1307,3,967364768
3425,1663,4,967364782
3425,3526,4,967364782
3425,3039,5,967364802
3425,2463,3,967364802
3425,1395,5,967364802
3425,2289,5,967364829
3425,2324,5,967364846
3425,322,4,967364862
3425,3108,4,967364862
3425,2108,3,967364862
3425,1747,3,967364878
3425,1517,4,967364896
3425,1476,4,967364896
3425,52,4,967364896
3425,180,2,967364917
3425,562,5,967364917
3425,1060,5,967364917
3425,1784,4,967364917
3425,1449,5,967364917
3425,1641,3,967364953
3425,45,5,967364953
3425,2302,4,967364953
3425,2499,1,967364970
3425,471,4,967364970
3425,1042,4,967364984
3425,1569,3,967364999
3425,663,4,967364999
3425,356,5,967365021
3425,141,2,967365021
3425,101,4,967365021
3425,1580,2,967365021
3425,3052,3,967365027
3425,1361,4,967365061
3425,297,1,967365061
3425,527,5,967365076
3425,318,5,967365076
3425,750,5,967365169
3425,1230,4,967365236
3425,1092,3,967365262
3425,2683,3,967365262
3425,2917,3,967365285
3425,541,3,967365285
3425,3671,3,967365286
3425,1518,4,967365304
3425,349,3,967365349
3425,1876,1,967365375
3425,1438,1,967365375
3425,161,3,967365375
3425,1590,3,967365434
3425,1573,3,967365434
3425,1245,5,967365543
3425,25,5,967365543
3425,448,4,967365543
3425,1719,5,967365555
3425,3006,3,967365566
3425,994,5,967365580
3425,1095,5,967365580
3425,1050,4,967365594
3425,1393,3,967365594
3425,36,5,967365610
3425,1704,5,967365610
3425,2890,5,967365610
3425,1639,3,967365628
3425,428,4,967365628
3425,32,5,967365628
3425,2291,4,967365654
3425,778,5,967365671
3425,300,4,967365671
3425,150,3,967365671
3425,1635,3,967365671
3425,17,4,967365687
3425,1594,5,967365687
3425,3246,4,967365687
3425,535,4,967365687
3425,3271,4,967365712
3425,1584,3,967365727
3425,2439,5,967365727
3425,1694,4,967365756
3425,2025,4,967365772
3425,249,4,967365772
3425,2329,4,967365772
3425,1094,4,967365772
3425,3100,5,967365785
3425,1054,2,967365806
3425,1673,5,967365836
3425,3105,4,967365836
3425,281,5,967365844
3425,1668,2,967365861
3425,2297,3,967365861
3425,58,5,967365861
3425,72,4,967365881
3425,2071,4,967365881
3425,94,5,967365881
3425,508,4,967365891
3425,253,3,967365925
3425,1701,3,967365943
3425,1672,3,967365943
3425,507,5,967365956
3425,1884,4,967365970
3425,650,3,967365970
3425,1498,3,967366004
3425,175,3,967366019
3425,1120,4,967366019
3425,893,5,967366038
3425,3500,3,967366038
3425,229,4,967366038
3425,1721,2,967366062
3425,3145,4,967366067
3425,647,3,967366082
3425,424,1,967366082
3425,372,2,967366110
3425,805,3,967366110
3425,802,2,967366110
3425,2165,3,967366134
3425,371,3,967366148
3425,3107,4,967366152
3425,205,4,967366169
3425,26,4,967366169
3425,3477,2,967366169
3425,358,1,967366179
3425,1051,5,967366188
